Workbook

Sheet Riga_re
A1: op_type | B1: district | C1: street | D1: rooms | E1: area | F1: floor | G1: total_floors | H1: house_seria | I1: house_type | J1: condition | K1: price | L1: lat | M1: lon
A2: For rent | B2: Purvciems | C2: Dzelzavas 93 | D2: 1 | E2: 27 | F2: 3 | G2: 5 | H2: LT proj. | I2: Brick-Panel | J2: All amenities | K2: 250 | L2: 56.955484 | M2: 24.202139
A3: For rent | B3: Ziepniekkalns | C3: Ozolciema 32 | D3: 2 | E3: 50 | F3: 7 | G3: 9 | H3: 602 | I3: Panel | J3: All amenities | K3: 300 | L3: 56.899798 | M3: 24.09835
A4: For sale | B4: centrs | C4: Ieroču 6 | D4: 2 | E4: 33 | F4: 1 | G4: 2 | H4: P. kara | I4: Wood | J4: Partial amenities | K4: 13500 | L4: 56.975092 | M4: 24.139884
A5: For sale | B5: Ķengarags | C5: Maskavas 305 | D5: 2 | E5: 50 | F5: 5 | G5: 5 | H5: LT proj. | I5: Panel | J5: All amenities | K5: 34000 | L5: 56.859788 | M5: 24.308342
A6: For rent | B6: Teika | C6: Zemgala gatve 80 | D6: 3 | E6: 76 | F6: 3 | G6: 12 | H6: Jaun. | I6: Masonry | J6: All amenities | K6: 490 | L6: 56.977745 | M6: 24.166042
A7: For rent | B7: centrs | C7: Ģertrūdes 16 | D7: 2 | E7: 40 | F7: 3 | G7: 6 | H7: P. kara | I7: Masonry | J7: All amenities | K7: 440 | L7: 56.956659 | M7: 24.123764
A8: For sale | B8: Ķengarags | C8: Lokomotīves 20 | D8: 2 | E8: 37 | F8: 5 | G8: 5 | H8: Specpr. | I8: Brick | J8: All amenities | K8: 31000 | L8: 56.915273 | M8: 24.189365
A9: For rent | B9: Imanta | C9: Kurzemes pr. 46 | D9: 2 | E9: 49 | F9: 3 | G9: 5 | H9: LT proj. | I9: Panel | J9: All amenities | K9: 240 | L9: NaN | M9: NaN
A10: For rent | B10: centrs | C10: Avotu 7 | D10: 2 | E10: 48 | F10: 5 | G10: 5 | H10: P. kara | I10: Brick | J10: All amenities | K10: 400 | L10: 56.950944 | M10: 24.128358
A11: For rent | B11: Jugla | C11: Juglas 53 | D11: 2 | E11: 45 | F11: 2 | G11: 5 | H11: Hrušč. | I11: Panel | J11: All amenities | K11: 360 | L11: 56.976169 | M11: 24.25445
A12: For sale | B12: Mangaļi | C12: Mores 3 | D12: 2 | E12: 46 | F12: 4 | G12: 5 | H12: Hrušč. | I12: Panel | J12: All amenities | K12: 39999 | L12: 57.018811 | M12: 24.135012
A13: For sale | B13: Jugla | C13: Baltezera 1 | D13: 3 | E13: 58 | F13: 4 | G13: 5 | H13: Specpr. | I13: Brick | J13: All amenities | K13: 50000 | L13: 56.9927 | M13: 24.24006
A14: For sale | B14: Mežciems | C14: Gaiļezera 4 | D14: 2 | E14: 50 | F14: 1 | G14: 9 | H14: 602 | I14: Panel | J14: All amenities | K14: 53000 | L14: 56.967948 | M14: 24.235159
A15: For sale | B15: Maskavas priekšpilsēta | C15: Maskavas 291 k1 | D15: 3 | E15: 60 | F15: 2 | G15: 5 | H15: LT proj. | I15: Panel | J15: All amenities | K15: 48000 | L15: 56.922807 | M15: 24.170385
A16: For sale | B16: Zolitūde | C16: Zolitūdes 46/2 | D16: 1 | E16: 46 | F16: 9 | G16: 9 | H16: 119 | I16: Panel | J16: All amenities | K16: 38500 | L16: 56.946196 | M16: 24.001416
A17: For sale | B17: Mežciems | C17: Celmu 5 | D17: 2 | E17: 36 | F17: 1 | G17: 5 | H17: LT proj. | I17: Panel | J17: All amenities | K17: 46000 | L17: 56.973636 | M17: 24.233531
A18: For sale | B18: centrs | C18: Krāsotāju 25 | D18: 2 | E18: 36 | F18: 5 | G18: 5 | H18: P. kara | I18: Masonry | J18: All amenities | K18: 54900 | L18: 56.9563 | M18: 24.146759
A19: For rent | B19: Ziepniekkalns | C19: Ozolciema 54 | D19: 1 | E19: 44 | F19: 4 | G19: 9 | H19: M. ģim. | I19: Panel | J19: All amenities | K19: 240 | L19: 56.9014 | M19: 24.099886
A20: For sale | B20: Ķengarags | C20: Maskavas 268/5 | D20: 3 | E20: 60 | F20: 3 | G20: 5 | H20: Hrušč. | I20: Panel | J20: All amenities | K20: 56500 | L20: 56.894586 | M20: 24.216342
A21: For sale | B21: Mežciems | C21: Eizenšteina 57 | D21: 3 | E21: 62 | F21: 6 | G21: 9 | H21: 602 | I21: Panel | J21: All amenities | K21: 52500 | L21: 56.963423 | M21: 24.23513
A22: For rent | B22: Bolderāja | C22: Stagaru 4 | D22: 2 | E22: 50 | F22: 2 | G22: 5 | H22: Specpr. | I22: Panel | J22: All amenities | K22: 260 | L22: 57.029652 | M22: 24.035975
A23: For sale | B23: Purvciems | C23: Dzelzavas 13 | D23: 2 | E23: 44 | F23: 4 | G23: 5 | H23: Hrušč. | I23: Brick | J23: Without amenities | K23: 39000 | L23: 56.963679 | M23: 24.170617
A24: For rent | B24: centrs | C24: Čaka 33 | D24: 2 | E24: 40 | F24: 4 | G24: 6 | H24: P. kara | I24: Masonry | J24: All amenities | K24: 395 | L24: 56.952144 | M24: 24.127686
A25: For rent | B25: centrs | C25: Bruņinieku 115 | D25: 2 | E25: 45 | F25: 2 | G25: 4 | H25: Renov. | I25: Masonry | J25: All amenities | K25: 350 | L25: 56.949971 | M25: 24.144142
A26: For rent | B26: Grīziņkalns | C26: Alauksta 4a | D26: 1 | E26: 26 | F26: 2 | G26: 3 | H26: Renov. | I26: Wood | J26: All amenities | K26: 345 | L26: 56.96103 | M26: 24.147641
A27: For rent | B27: Ziepniekkalns | C27: Kartupeļu 47 | D27: 2 | E27: 56 | F27: 8 | G27: 9 | H27: Specpr. | I27: Brick | J27: All amenities | K27: 250 | L27: 56.91096 | M27: 24.11
A28: For rent | B28: Bolderāja | C28: Gobas 16 | D28: 1 | E28: 34 | F28: 3 | G28: 5 | H28: 103 | I28: Brick-Panel | J28: All amenities | K28: 210 | L28: 57.031352 | M28: 24.050865
A29: For sale | B29: Dreiliņi | C29: Valtera 5 | D29: 4 | E29: 78 | F29: 1 | G29: 9 | H29: 602 | I29: Panel | J29: All amenities | K29: 91000 | L29: 56.946927 | M29: 24.236511
A30: For sale | B30: Ķengarags | C30: Prūšu 22 | D30: 2 | E30: 42 | F30: 3 | G30: 5 | H30: Hrušč. | I30: Brick | J30: All amenities | K30: 45900 | L30: 56.913476 | M30: 24.186771
A31: For sale | B31: Pļavnieki | C31: Dzeņu 12 | D31: 1 | E31: 35 | F31: 1 | G31: 9 | H31: 602 | I31: Brick-Panel | J31: All amenities | K31: 37000 | L31: 56.939723 | M31: 24.212624
A32: For rent | B32: Dzegužkalns | C32: Purva 25 | D32: 1 | E32: 29 | F32: 4 | G32: 5 | H32: LT proj. | I32: Panel | J32: All amenities | K32: 240 | L32: 56.957703 | M32: 24.050521
A33: For rent | B33: Imanta | C33: Slokas 130a | D33: 2 | E33: 60 | F33: 3 | G33: 8 | H33: Jaun. | I33: Masonry | J33: All amenities | K33: 580 | L33: 56.964854 | M33: 24.015749
A34: For sale | B34: Imanta | C34: Slokas 130a | D34: 2 | E34: 62 | F34: 3 | G34: 5 | H34: Jaun. | I34: Masonry | J34: All amenities | K34: 120000 | L34: 56.964854 | M34: 24.015749
A35: For rent | B35: centrs | C35: Indrānu 13 | D35: 1 | E35: 34 | F35: 5 | G35: 5 | H35: LT proj. | I35: Brick-Panel | J35: All amenities | K35: 320 | L35: 56.968596 | M35: 24.145257
A36: For sale | B36: Ķengarags | C36: Festivāla 1 | D36: 3 | E36: 55 | F36: 3 | G36: 5 | H36: Specpr. | I36: Brick | J36: All amenities | K36: 43000 | L36: 56.903488 | M36: 24.203698
A37: For rent | B37: Purvciems | C37: Ieriķu 58 | D37: 1 | E37: 43 | F37: 9 | G37: 9 | H37: Specpr. | I37: Brick | J37: All amenities | K37: 25 | L37: 56.965567 | M37: 24.183004
A38: For rent | B38: Ķīpsala | C38: Balasta d. 72 | D38: 2 | E38: 86 | F38: 2 | G38: 4 | H38: Jaun. | I38: Masonry | J38: All amenities | K38: 1200 | L38: 56.948934 | M38: 24.08828
A39: For rent | B39: centrs | C39: Barona 14 | D39: 1 | E39: 40 | F39: 4 | G39: 5 | H39: Renov. | I39: Masonry | J39: All amenities | K39: 600 | L39: 56.950615 | M39: 24.121231
A40: For rent | B40: centrs | C40: Bruņinieku 64 | D40: 2 | E40: 36 | F40: 3 | G40: 3 | H40: P. kara | I40: Brick | J40: All amenities | K40: 250 | L40: 56.953071 | M40: 24.137642
A41: For sale | B41: centrs | C41: Tērbatas 46 | D41: 3 | E41: 85 | F41: 3 | G41: 6 | H41: P. kara | I41: Brick | J41: All amenities | K41: 170000 | L41: 56.955953 | M41: 24.12675
A42: For sale | B42: Teika | C42: Brīvības gatve 313 | D42: 3 | E42: 79 | F42: 3 | G42: 5 | H42: Specpr. | I42: Brick-Panel | J42: All amenities | K42: 85000 | L42: 56.982792 | M42: 24.196367
A43: For sale | B43: Jugla | C43: Murjāņu 38 | D43: 2 | E43: 45 | F43: 2 | G43: 5 | H43: Hrušč. | I43: Panel | J43: All amenities | K43: 40000 | L43: 56.978081 | M43: 24.247249
A44: Buying | B44: Pļavnieki | D44: Citi | L44: 46.314475 | M44: 11.048029
A45: For rent | B45: centrs | C45: Republikas laukums 3 | D45: 1 | E45: 46 | F45: 4 | G45: 7 | H45: Jaun. | I45: Masonry | J45: All amenities | K45: 39 | L45: 56.955252 | M45: 24.099999
A46: For rent | B46: Purvciems | C46: Ieriķu 58 | D46: 1 | E46: 40 | F46: 2 | G46: 5 | H46: Specpr. | I46: Brick-Panel | J46: All amenities | K46: 235 | L46: 56.965567 | M46: 24.183004
A47: For rent | B47: centrs | C47: Asara 15 | D47: 1 | E47: 38 | F47: 5 | G47: 2 | H47: Specpr. | I47: Brick | J47: All amenities | K47: 280 | L47: 56.956367 | M47: 24.15569
A48: For rent | B48: Purvciems | C48: Pūces 19 | D48: 2 | E48: 46 | F48: 2 | G48: 5 | H48: Jaun. | I48: Panel | J48: All amenities | K48: 430 | L48: 56.956322 | M48: 24.185979
A49: For rent | B49: Krasta r-ns | C49: Lubānas 56 | D49: 1 | E49: 36 | F49: 6 | G49: 9 | H49: 602 | I49: Panel | J49: All amenities | K49: 290 | L49: 56.931443 | M49: 24.175757
A50: Buying | B50: Ķengarags | D50: 2 | F50: 12 | G50: 7 | J50: All amenities | L50: 46.314475 | M50: 11.048029
A51: Buying | B51: Vecmīlgrāvis | E51: 9 | F51: 99 | G51: 9 | L51: 46.314475 | M51: 11.048029
A52: For rent | B52: Mangaļi | C52: Ezera 6 | D52: 2 | E52: 40 | F52: 1 | G52: 2 | H52: Renov. | I52: Wood | J52: All amenities | K52: 220 | L52: 57.019642 | M52: 24.126994
A53: Buying | B53: Pļavnieki | D53: Citi | L53: 46.314475 | M53: 11.048029
A54: For rent | B54: Jugla | C54: Baltezera 1 | D54: 2 | E54: 49 | F54: 2 | G54: 5 | H54: LT proj. | I54: Brick-Panel | J54: All amenities | K54: 300 | L54: 56.9927 | M54: 24.24006
A55: For rent | B55: centrs | C55: Asara 12 | D55: 3 | E55: 50 | F55: 4 | G55: 5 | H55: Renov. | I55: Masonry | J55: All amenities | K55: 450 | L55: 56.955383 | M55: 24.148888
A56: For rent | B56: Klīversala | C56: Klīveru 1 | D56: 1 | E56: 26 | F56: 4 | G56: 4 | H56: P. kara | I56: Masonry | J56: All amenities | K56: 245 | L56: 56.943063 | M56: 24.091277
A57: For sale | B57: centrs | C57: Tērbatas 65 | D57: 3 | E57: 91 | F57: 4 | G57: 6 | H57: P. kara | I57: Masonry | J57: All amenities | K57: 150000 | L57: 56.958192 | M57: 24.130662
A58: For sale | B58: centrs | C58: Artilērijas 1 | D58: 3 | E58: 96 | F58: 3 | G58: 6 | H58: P. kara | I58: Masonry | J58: All amenities | K58: 100000 | L58: 56.957953 | M58: 24.142512
A59: For rent | B59: Vecmīlgrāvis | C59: Rīnūžu 11 | D59: 2 | E59: 53 | F59: 5 | G59: 5 | H59: 103 | I59: Brick-Panel | J59: All amenities | K59: 270 | L59: 57.037882 | M59: 24.089678
A60: For sale | B60: Āgenskalns | C60: Kalnciema 106a | D60: 2 | E60: 68 | F60: 2 | G60: 4 | H60: Jaun. | I60: Masonry | J60: All amenities | K60: 105000 | L60: 56.936627 | M60: 24.043336
A61: For sale | B61: Zasulauks | C61: Kalnciema 106a | D61: 2 | E61: 68 | F61: 2 | G61: 4 | H61: Jaun. | I61: Masonry | J61: All amenities | K61: 105000 | L61: 56.936627 | M61: 24.043336
A62: For rent | B62: Pļavnieki | C62: Jasmuižas 15 | D62: 1 | E62: 32 | F62: 2 | G62: 9 | H62: 602 | I62: Panel | J62: All amenities | K62: 220 | L62: 56.936854 | M62: 24.213177
A63: For sale | B63: Pļavnieki | C63: Salnas 22 | D63: 1 | E63: 40 | F63: 4 | G63: 5 | H63: M. ģim. | I63: Panel | J63: All amenities | K63: 33000 | L63: 56.941776 | M63: 24.225464
A64: For sale | B64: Mežaparks | C64: Viestura pr. 47 | D64: 1 | E64: 27 | F64: 7 | G64: 9 | H64: Specpr. | I64: Brick | J64: All amenities | K64: 27500 | L64: NaN | M64: NaN
A65: For sale | B65: centrs | C65: Bruņinieku 147 | D65: 5 | E65: 83 | F65: 1 | G65: 2 | H65: P. kara | I65: Wood | J65: Partial amenities | K65: 27890 | L65: 56.959954 | M65: 24.124827
A66: For sale | B66: Āgenskalns | C66: Kuldīgas 10 | D66: 1 | E66: 17.5 | F66: 1 | G66: 2 | H66: P. kara | I66: Wood | J66: Partial amenities | K66: 9890 | L66: 56.951763 | M66: 24.067349
A67: For sale | B67: Jugla | C67: Kvēles 27 | D67: 2 | E67: 45 | F67: 1 | G67: 5 | H67: LT proj. | I67: Panel | J67: All amenities | K67: 41000 | L67: 56.982039 | M67: 24.246021
A68: For rent | B68: centrs | C68: Pērnavas 10 | D68: 1 | E68: 32 | F68: 5 | G68: 5 | H68: Hrušč. | I68: Brick | J68: All amenities | K68: 255 | L68: 56.964724 | M68: 24.147711
A69: For rent | B69: Purvciems | C69: Sesku 26 | D69: 1 | E69: 42 | F69: 3 | G69: 5 | H69: M. ģim. | I69: Brick-Panel | J69: All amenities | K69: 270 | L69: 56.944908 | M69: 24.178029
A70: For sale | B70: Imanta | C70: Kurzemes pr. 102 | D70: 2 | E70: 48 | F70: 1 | G70: 5 | H70: LT proj. | I70: Panel | J70: All amenities | K70: 44000 | L70: NaN | M70: NaN
A71: For sale | B71: Čiekurkalns | C71: Čiekurkalna 2. l. 28 | D71: 1 | E71: 24 | F71: 2 | G71: 2 | H71: P. kara | I71: Wood | J71: Partial amenities | K71: 6790 | L71: NaN | M71: NaN
A72: For sale | B72: Ziepniekkalns | C72: Valdeķu 53 | D72: 3 | E72: 75 | F72: 9 | G72: 10 | H72: 119 | I72: Panel | J72: All amenities | K72: 72000 | L72: 56.901548 | M72: 24.092467
A73: For rent | B73: Ziepniekkalns | C73: Ozolciema 18 | D73: 1 | E73: 50 | F73: 3 | G73: 9 | H73: 119 | I73: Panel | J73: All amenities | K73: 29 | L73: 56.898597 | M73: 24.087671
A74: For rent | B74: Ziepniekkalns | C74: Bērzupes 23 | D74: 1 | E74: 31 | F74: 2 | G74: 5 | H74: LT proj. | I74: Panel-Brick | J74: All amenities | K74: 250 | L74: 56.915175 | M74: 24.093057
A75: For sale | B75: Pļavnieki | C75: Lubānas 129 | D75: 1 | E75: 41 | F75: 1 | G75: 9 | H75: M. ģim. | I75: Panel | J75: All amenities | K75: 34000 | L75: 56.932573 | M75: 24.208029
A76: For sale | B76: Āgenskalns | C76: Grīna bulv. 13 | D76: 2 | E76: 47 | F76: 3 | G76: 5 | H76: Specpr. | I76: Brick | J76: All amenities | K76: 45500 | L76: NaN | M76: NaN
A77: For sale | B77: centrs | C77: Pētersalas 2 | D77: 5 | E77: 144 | F77: 1 | G77: 5 | H77: Specpr. | I77: Masonry | J77: All amenities | K77: 74800 | L77: 56.967899 | M77: 24.105038
A78: For rent | B78: Mežaparks | C78: Viestura pr. 95 | D78: 2 | E78: 42 | F78: 8 | G78: 11 | H78: Jaun. | I78: Brick | J78: All amenities | K78: 450 | L78: NaN | M78: NaN
A79: For sale | B79: centrs | C79: Ādmiņu 6 | D79: 2 | E79: 36 | F79: 2 | G79: 2 | H79: P. kara | I79: Masonry | J79: Partial amenities | K79: 25000 | L79: 56.949362 | M79: 24.140523
A80: For rent | B80: Jugla | C80: Veldres 32 | D80: 1 | E80: 33 | F80: 12 | G80: 12 | H80: Specpr. | I80: Brick-Panel | J80: All amenities | K80: 230 | L80: 56.976467 | M80: 24.244321
A81: For rent | B81: Sarkandaugava | C81: Tilta 5 | D81: Citi | E81: 76 | F81: 2 | G81: 4 | H81: P. kara | I81: Masonry | J81: All amenities | K81: 295 | L81: 56.995073 | M81: 24.127396
A82: Renting | B82: Āgenskalns | D82: 4 | J82: All amenities | L82: 46.314475 | M82: 11.048029
A83: Renting | B83: Dzegužkalns | D83: 2 | J83: All amenities | L83: 46.314475 | M83: 11.048029
A84: For rent | B84: Maskavas priekšpilsēta | C84: Daugavpils 76 | D84: 1 | E84: 25 | F84: 5 | G84: 6 | H84: P. kara | I84: Brick | J84: All amenities | K84: 250 | L84: 56.946431 | M84: 24.141396
A85: For rent | B85: Āgenskalns | C85: Kristapa 8 | D85: 1 | E85: 18 | F85: 1 | G85: 4 | H85: M. ģim. | I85: Brick | J85: All amenities | K85: 220 | L85: 56.942865 | M85: 24.060963
A86: For sale | B86: Daugavgrīva | C86: Slimnīcas 6 | D86: 2 | E86: 53 | F86: 2 | G86: 5 | H86: 103 | I86: Brick-Panel | J86: All amenities | K86: 31900 | L86: 57.040867 | M86: 24.032741
A87: For rent | B87: centrs | C87: Barona 76 | D87: 3 | E87: 67 | F87: 2 | G87: 6 | H87: Renov. | I87: Masonry | J87: All amenities | K87: 750 | L87: 56.956438 | M87: 24.132573
A88: For rent | B88: centrs | C88: Tallinas 65 | D88: 3 | E88: 83 | F88: 5 | G88: 5 | H88: Renov. | I88: Masonry | J88: All amenities | K88: 900 | L88: 56.958785 | M88: 24.144589
A89: For rent | B89: Ķengarags | C89: Prūšu 3 | D89: 1 | E89: 30 | F89: 5 | G89: 5 | H89: LT proj. | I89: Panel | J89: All amenities | K89: 220 | L89: 56.916944 | M89: 24.18423
A90: For sale | B90: centrs | C90: Avotu 4 | D90: 2 | E90: 41 | F90: 4 | G90: 5 | H90: Renov. | I90: Masonry | J90: All amenities | K90: 57500 | L90: 56.950816 | M90: 24.127139
A91: For rent | B91: centrs | C91: Klijānu 2e | D91: 1 | E91: 30 | F91: 2 | G91: 9 | H91: Renov. | I91: Brick-Panel | J91: All amenities | K91: 270 | L91: 56.974699 | M91: 24.144933
A92: For rent | B92: Āgenskalns | C92: Āgenskalna 22 | D92: 2 | E92: 41 | F92: 3 | G92: 5 | H92: Hrušč. | I92: Brick | J92: All amenities | K92: 330 | L92: 56.94561 | M92: 24.062365
A93: For sale | B93: Bolderāja | C93: Silikātu 1/2 | D93: 2 | E93: 41.77 | F93: 1 | G93: 3 | H93: Hrušč. | I93: Brick | J93: All amenities | K93: 39000 | L93: NaN | M93: NaN
A94: For rent | B94: centrs | C94: Čaka 96 | D94: 2 | E94: 62 | F94: 3 | G94: 5 | H94: Jaun. | I94: Brick-Panel | J94: All amenities | K94: 700 | L94: 56.957181 | M94: 24.139467
A95: For rent | B95: centrs | C95: Ausekļa 7 | D95: 2 | E95: 77 | F95: 3 | G95: 6 | H95: Renov. | I95: Brick | J95: All amenities | K95: 600 | L95: 56.961044 | M95: 24.099656
A96: For sale | B96: Imanta | C96: Anniņmuižas bulvāris 38 | D96: 2 | E96: 60 | F96: 2 | G96: 17 | H96: Jaun. | I96: Masonry | J96: All amenities | K96: 88000 | L96: 56.961121 | M96: 24.018217
A97: Buying | B97: Vecmīlgrāvis | L97: 46.314475 | M97: 11.048029
A98: For sale | B98: Āgenskalns | C98: Mārupes 47 | D98: 3 | E98: 68 | F98: 3 | G98: 5 | H98: Specpr. | I98: Brick-Panel | J98: All amenities | K98: 89000 | L98: 56.927162 | M98: 24.076977
A99: For rent | B99: Imanta | C99: M. Krūmu 6 | D99: 1 | E99: 29 | F99: 4 | G99: 5 | H99: LT proj. | I99: Panel | J99: All amenities | K99: 230 | L99: 56.958456 | M99: 24.002856
A100: For sale | B100: Dreiliņi | C100: Kaivas 33/1 | D100: 3 | E100: 86 | F100: 4 | G100: 4 | H100: Jaun. | I100: Panel-Brick | J100: All amenities | K100: 130000 | L100: 56.954172 | M100: 24.244325
...

Sheet Analysis
A1: Metric | B1: Value
A2: Total rows | B2: =COUNTA(Riga_re!A:A)-1 -> 4689
A3: For sale | B3: =COUNTIF(Riga_re!A:A,"For sale") -> 2680
A4: For rent | B4: =COUNTIF(Riga_re!A:A,"For rent") -> 1525
A5: Avg price (sale) | B5: =AVERAGEIF(Riga_re!A:A,"For sale",Riga_re!K:K) -> 92103.718
A6: Avg price (rent) | B6: =AVERAGEIF(Riga_re!A:A,"For rent",Riga_re!K:K) -> 425.26885
A7: Blanks | B7: =COUNTBLANK(Riga_re!A2:A4690) -> 0
A8: Buying | B8: =COUNTIF(Riga_re!A:A,"Buying") -> 381
A9: Change | B9: =COUNTIF(Riga_re!A:A,"Change") -> 14
A10: Other | B10: =COUNTIF(Riga_re!A:A,"Other") -> 5
A11: Renting | B11: =COUNTIF(Riga_re!A:A,"Renting") -> 84
A12: Total excluded | B12: =SUM(B7:B11) -> 484
A14: Avg price 2-room centrs | B14: =AVERAGEIFS(Clean_data!K:K, Clean_data!B:B, "centrs", Clean_data!D:D, 2, Clean_data!A:A, "For sale") -> 91035.09
B16: =VLOOKUP("Dzelzavas 93", Clean_data!C:K, 9, 0) -> 250

Sheet Clean_data
A1: op_type | B1: district | C1: street | D1: rooms | E1: area | F1: floor | G1: total_floors | H1: house_seria | I1: house_type | J1: condition | K1: price | L1: lat | M1: lon
A2: =IFERROR(__xludf.DUMMYFUNCTION("FILTER(Riga_re!A1:M4690,(Riga_re!A1:A4690=""For sale"")+(Riga_re!A1:A4690=""For rent""))"),"For rent") -> For rent | B2: =IFERROR(__xludf.DUMMYFUNCTION("""COMPUTED_VALUE"""),"Purvciems") -> Purvciems | C2: =IFERROR(__xludf.DUMMYFUNCTION("""COMPUTED_VALUE"""),"Dzelzavas 93") -> Dzelzavas 93 | D2: =IFERROR(__xludf.DUMMYFUNCTION("""COMPUTED_VALUE"""),1.0) -> 1 | E2: =IFERROR(__xludf.DUMMYFUNCTION("""COMPUTED_VALUE"""),27.0) -> 27 | F2: =IFERROR(__xludf.DUMMYFUNCTION("""COMPUTED_VALUE"""),3.0) -> 3 | G2: =IFERROR(__xludf.DUMMYFUNCTION("""COMPUTED_VALUE"""),5.0) -> 5 | H2: =IFERROR(__xludf.DUMMYFUNCTION("""COMPUTED_VALUE"""),"LT proj.") -> LT proj. | I2: =IFERROR(__xludf.DUMMYFUNCTION("""COMPUTED_VALUE"""),"Brick-Panel") -> Brick-Panel | J2: =IFERROR(__xludf.DUMMYFUNCTION("""COMPUTED_VALUE"""),"All amenities") -> All amenities | K2: =IFERROR(__xludf.DUMMYFUNCTION("""COMPUTED_VALUE"""),250.0) -> 250 | L2: =IFERROR(__xludf.DUMMYFUNCTION("""COMPUTED_VALUE"""),56.9554841) -> 56.955484 | M2: =IFERROR(__xludf.DUMMYFUNCTION("""COMPUTED_VALUE"""),24.2021393392559) -> 24.202139 | O2: =COUNTA(A:A) -> 4206
A3: =IFERROR(__xludf.DUMMYFUNCTION("""COMPUTED_VALUE"""),"For rent") -> For rent | B3: =IFERROR(__xludf.DUMMYFUNCTION("""COMPUTED_VALUE"""),"Ziepniekkalns") -> Ziepniekkalns | C3: =IFERROR(__xludf.DUMMYFUNCTION("""COMPUTED_VALUE"""),"Ozolciema 32") -> Ozolciema 32 | D3: =IFERROR(__xludf.DUMMYFUNCTION("""COMPUTED_VALUE"""),2.0) -> 2 | E3: =IFERROR(__xludf.DUMMYFUNCTION("""COMPUTED_VALUE"""),50.0) -> 50 | F3: =IFERROR(__xludf.DUMMYFUNCTION("""COMPUTED_VALUE"""),7.0) -> 7 | G3: =IFERROR(__xludf.DUMMYFUNCTION("""COMPUTED_VALUE"""),9.0) -> 9 | H3: =IFERROR(__xludf.DUMMYFUNCTION("""COMPUTED_VALUE"""),602.0) -> 602 | I3: =IFERROR(__xludf.DUMMYFUNCTION("""COMPUTED_VALUE"""),"Panel") -> Panel | J3: =IFERROR(__xludf.DUMMYFUNCTION("""COMPUTED_VALUE"""),"All amenities") -> All amenities | K3: =IFERROR(__xludf.DUMMYFUNCTION("""COMPUTED_VALUE"""),300.0) -> 300 | L3: =IFERROR(__xludf.DUMMYFUNCTION("""COMPUTED_VALUE"""),56.89979805) -> 56.899798 | M3: =IFERROR(__xludf.DUMMYFUNCTION("""COMPUTED_VALUE"""),24.09835015) -> 24.09835
A4: =IFERROR(__xludf.DUMMYFUNCTION("""COMPUTED_VALUE"""),"For sale") -> For sale | B4: =IFERROR(__xludf.DUMMYFUNCTION("""COMPUTED_VALUE"""),"centrs") -> centrs | C4: =IFERROR(__xludf.DUMMYFUNCTION("""COMPUTED_VALUE"""),"Ieroču 6") -> Ieroču 6 | D4: =IFERROR(__xludf.DUMMYFUNCTION("""COMPUTED_VALUE"""),2.0) -> 2 | E4: =IFERROR(__xludf.DUMMYFUNCTION("""COMPUTED_VALUE"""),33.0) -> 33 | F4: =IFERROR(__xludf.DUMMYFUNCTION("""COMPUTED_VALUE"""),1.0) -> 1 | G4: =IFERROR(__xludf.DUMMYFUNCTION("""COMPUTED_VALUE"""),2.0) -> 2 | H4: =IFERROR(__xludf.DUMMYFUNCTION("""COMPUTED_VALUE"""),"P. kara") -> P. kara | I4: =IFERROR(__xludf.DUMMYFUNCTION("""COMPUTED_VALUE"""),"Wood") -> Wood | J4: =IFERROR(__xludf.DUMMYFUNCTION("""COMPUTED_VALUE"""),"Partial amenities") -> Partial amenities | K4: =IFERROR(__xludf.DUMMYFUNCTION("""COMPUTED_VALUE"""),13500.0) -> 13500 | L4: =IFERROR(__xludf.DUMMYFUNCTION("""COMPUTED_VALUE"""),56.9750922) -> 56.975092 | M4: =IFERROR(__xludf.DUMMYFUNCTION("""COMPUTED_VALUE"""),24.1398842) -> 24.139884
A5: =IFERROR(__xludf.DUMMYFUNCTION("""COMPUTED_VALUE"""),"For sale") -> For sale | B5: =IFERROR(__xludf.DUMMYFUNCTION("""COMPUTED_VALUE"""),"Ķengarags") -> Ķengarags | C5: =IFERROR(__xludf.DUMMYFUNCTION("""COMPUTED_VALUE"""),"Maskavas 305") -> Maskavas 305 | D5: =IFERROR(__xludf.DUMMYFUNCTION("""COMPUTED_VALUE"""),2.0) -> 2 | E5: =IFERROR(__xludf.DUMMYFUNCTION("""COMPUTED_VALUE"""),50.0) -> 50 | F5: =IFERROR(__xludf.DUMMYFUNCTION("""COMPUTED_VALUE"""),5.0) -> 5 | G5: =IFERROR(__xludf.DUMMYFUNCTION("""COMPUTED_VALUE"""),5.0) -> 5 | H5: =IFERROR(__xludf.DUMMYFUNCTION("""COMPUTED_VALUE"""),"LT proj.") -> LT proj. | I5: =IFERROR(__xludf.DUMMYFUNCTION("""COMPUTED_VALUE"""),"Panel") -> Panel | J5: =IFERROR(__xludf.DUMMYFUNCTION("""COMPUTED_VALUE"""),"All amenities") -> All amenities | K5: =IFERROR(__xludf.DUMMYFUNCTION("""COMPUTED_VALUE"""),34000.0) -> 34000 | L5: =IFERROR(__xludf.DUMMYFUNCTION("""COMPUTED_VALUE"""),56.8597884) -> 56.859788 | M5: =IFERROR(__xludf.DUMMYFUNCTION("""COMPUTED_VALUE"""),24.3083417) -> 24.308342
A6: =IFERROR(__xludf.DUMMYFUNCTION("""COMPUTED_VALUE"""),"For rent") -> For rent | B6: =IFERROR(__xludf.DUMMYFUNCTION("""COMPUTED_VALUE"""),"Teika") -> Teika | C6: =IFERROR(__xludf.DUMMYFUNCTION("""COMPUTED_VALUE"""),"Zemgala gatve 80") -> Zemgala gatve 80 | D6: =IFERROR(__xludf.DUMMYFUNCTION("""COMPUTED_VALUE"""),3.0) -> 3 | E6: =IFERROR(__xludf.DUMMYFUNCTION("""COMPUTED_VALUE"""),76.0) -> 76 | F6: =IFERROR(__xludf.DUMMYFUNCTION("""COMPUTED_VALUE"""),3.0) -> 3 | G6: =IFERROR(__xludf.DUMMYFUNCTION("""COMPUTED_VALUE"""),12.0) -> 12 | H6: =IFERROR(__xludf.DUMMYFUNCTION("""COMPUTED_VALUE"""),"Jaun.") -> Jaun. | I6: =IFERROR(__xludf.DUMMYFUNCTION("""COMPUTED_VALUE"""),"Masonry") -> Masonry | J6: =IFERROR(__xludf.DUMMYFUNCTION("""COMPUTED_VALUE"""),"All amenities") -> All amenities | K6: =IFERROR(__xludf.DUMMYFUNCTION("""COMPUTED_VALUE"""),490.0) -> 490 | L6: =IFERROR(__xludf.DUMMYFUNCTION("""COMPUTED_VALUE"""),56.9777452) -> 56.977745 | M6: =IFERROR(__xludf.DUMMYFUNCTION("""COMPUTED_VALUE"""),24.1660424135714) -> 24.166042
A7: =IFERROR(__xludf.DUMMYFUNCTION("""COMPUTED_VALUE"""),"For rent") -> For rent | B7: =IFERROR(__xludf.DUMMYFUNCTION("""COMPUTED_VALUE"""),"centrs") -> centrs | C7: =IFERROR(__xludf.DUMMYFUNCTION("""COMPUTED_VALUE"""),"Ģertrūdes 16") -> Ģertrūdes 16 | D7: =IFERROR(__xludf.DUMMYFUNCTION("""COMPUTED_VALUE"""),2.0) -> 2 | E7: =IFERROR(__xludf.DUMMYFUNCTION("""COMPUTED_VALUE"""),40.0) -> 40 | F7: =IFERROR(__xludf.DUMMYFUNCTION("""COMPUTED_VALUE"""),3.0) -> 3 | G7: =IFERROR(__xludf.DUMMYFUNCTION("""COMPUTED_VALUE"""),6.0) -> 6 | H7: =IFERROR(__xludf.DUMMYFUNCTION("""COMPUTED_VALUE"""),"P. kara") -> P. kara | I7: =IFERROR(__xludf.DUMMYFUNCTION("""COMPUTED_VALUE"""),"Masonry") -> Masonry | J7: =IFERROR(__xludf.DUMMYFUNCTION("""COMPUTED_VALUE"""),"All amenities") -> All amenities | K7: =IFERROR(__xludf.DUMMYFUNCTION("""COMPUTED_VALUE"""),440.0) -> 440 | L7: =IFERROR(__xludf.DUMMYFUNCTION("""COMPUTED_VALUE"""),56.9566594) -> 56.956659 | M7: =IFERROR(__xludf.DUMMYFUNCTION("""COMPUTED_VALUE"""),24.1237638) -> 24.123764
A8: =IFERROR(__xludf.DUMMYFUNCTION("""COMPUTED_VALUE"""),"For sale") -> For sale | B8: =IFERROR(__xludf.DUMMYFUNCTION("""COMPUTED_VALUE"""),"Ķengarags") -> Ķengarags | C8: =IFERROR(__xludf.DUMMYFUNCTION("""COMPUTED_VALUE"""),"Lokomotīves 20") -> Lokomotīves 20 | D8: =IFERROR(__xludf.DUMMYFUNCTION("""COMPUTED_VALUE"""),2.0) -> 2 | E8: =IFERROR(__xludf.DUMMYFUNCTION("""COMPUTED_VALUE"""),37.0) -> 37 | F8: =IFERROR(__xludf.DUMMYFUNCTION("""COMPUTED_VALUE"""),5.0) -> 5 | G8: =IFERROR(__xludf.DUMMYFUNCTION("""COMPUTED_VALUE"""),5.0) -> 5 | H8: =IFERROR(__xludf.DUMMYFUNCTION("""COMPUTED_VALUE"""),"Specpr.") -> Specpr. | I8: =IFERROR(__xludf.DUMMYFUNCTION("""COMPUTED_VALUE"""),"Brick") -> Brick | J8: =IFERROR(__xludf.DUMMYFUNCTION("""COMPUTED_VALUE"""),"All amenities") -> All amenities | K8: =IFERROR(__xludf.DUMMYFUNCTION("""COMPUTED_VALUE"""),31000.0) -> 31000 | L8: =IFERROR(__xludf.DUMMYFUNCTION("""COMPUTED_VALUE"""),56.91527335) -> 56.915273 | M8: =IFERROR(__xludf.DUMMYFUNCTION("""COMPUTED_VALUE"""),24.18936465) -> 24.189365
A9: =IFERROR(__xludf.DUMMYFUNCTION("""COMPUTED_VALUE"""),"For rent") -> For rent | B9: =IFERROR(__xludf.DUMMYFUNCTION("""COMPUTED_VALUE"""),"Imanta") -> Imanta | C9: =IFERROR(__xludf.DUMMYFUNCTION("""COMPUTED_VALUE"""),"Kurzemes pr. 46") -> Kurzemes pr. 46 | D9: =IFERROR(__xludf.DUMMYFUNCTION("""COMPUTED_VALUE"""),2.0) -> 2 | E9: =IFERROR(__xludf.DUMMYFUNCTION("""COMPUTED_VALUE"""),49.0) -> 49 | F9: =IFERROR(__xludf.DUMMYFUNCTION("""COMPUTED_VALUE"""),3.0) -> 3 | G9: =IFERROR(__xludf.DUMMYFUNCTION("""COMPUTED_VALUE"""),5.0) -> 5 | H9: =IFERROR(__xludf.DUMMYFUNCTION("""COMPUTED_VALUE"""),"LT proj.") -> LT proj. | I9: =IFERROR(__xludf.DUMMYFUNCTION("""COMPUTED_VALUE"""),"Panel") -> Panel | J9: =IFERROR(__xludf.DUMMYFUNCTION("""COMPUTED_VALUE"""),"All amenities") -> All amenities | K9: =IFERROR(__xludf.DUMMYFUNCTION("""COMPUTED_VALUE"""),240.0) -> 240 | L9: =IFERROR(__xludf.DUMMYFUNCTION("""COMPUTED_VALUE"""),"NaN") -> NaN | M9: =IFERROR(__xludf.DUMMYFUNCTION("""COMPUTED_VALUE"""),"NaN") -> NaN
A10: =IFERROR(__xludf.DUMMYFUNCTION("""COMPUTED_VALUE"""),"For rent") -> For rent | B10: =IFERROR(__xludf.DUMMYFUNCTION("""COMPUTED_VALUE"""),"centrs") -> centrs | C10: =IFERROR(__xludf.DUMMYFUNCTION("""COMPUTED_VALUE"""),"Avotu 7") -> Avotu 7 | D10: =IFERROR(__xludf.DUMMYFUNCTION("""COMPUTED_VALUE"""),2.0) -> 2 | E10: =IFERROR(__xludf.DUMMYFUNCTION("""COMPUTED_VALUE"""),48.0) -> 48 | F10: =IFERROR(__xludf.DUMMYFUNCTION("""COMPUTED_VALUE"""),5.0) -> 5 | G10: =IFERROR(__xludf.DUMMYFUNCTION("""COMPUTED_VALUE"""),5.0) -> 5 | H10: =IFERROR(__xludf.DUMMYFUNCTION("""COMPUTED_VALUE"""),"P. kara") -> P. kara | I10: =IFERROR(__xludf.DUMMYFUNCTION("""COMPUTED_VALUE"""),"Brick") -> Brick | J10: =IFERROR(__xludf.DUMMYFUNCTION("""COMPUTED_VALUE"""),"All amenities") -> All amenities | K10: =IFERROR(__xludf.DUMMYFUNCTION("""COMPUTED_VALUE"""),400.0) -> 400 | L10: =IFERROR(__xludf.DUMMYFUNCTION("""COMPUTED_VALUE"""),56.9509444) -> 56.950944 | M10: =IFERROR(__xludf.DUMMYFUNCTION("""COMPUTED_VALUE"""),24.128357771229) -> 24.128358
A11: =IFERROR(__xludf.DUMMYFUNCTION("""COMPUTED_VALUE"""),"For rent") -> For rent | B11: =IFERROR(__xludf.DUMMYFUNCTION("""COMPUTED_VALUE"""),"Jugla") -> Jugla | C11: =IFERROR(__xludf.DUMMYFUNCTION("""COMPUTED_VALUE"""),"Juglas 53") -> Juglas 53 | D11: =IFERROR(__xludf.DUMMYFUNCTION("""COMPUTED_VALUE"""),2.0) -> 2 | E11: =IFERROR(__xludf.DUMMYFUNCTION("""COMPUTED_VALUE"""),45.0) -> 45 | F11: =IFERROR(__xludf.DUMMYFUNCTION("""COMPUTED_VALUE"""),2.0) -> 2 | G11: =IFERROR(__xludf.DUMMYFUNCTION("""COMPUTED_VALUE"""),5.0) -> 5 | H11: =IFERROR(__xludf.DUMMYFUNCTION("""COMPUTED_VALUE"""),"Hrušč.") -> Hrušč. | I11: =IFERROR(__xludf.DUMMYFUNCTION("""COMPUTED_VALUE"""),"Panel") -> Panel | J11: =IFERROR(__xludf.DUMMYFUNCTION("""COMPUTED_VALUE"""),"All amenities") -> All amenities | K11: =IFERROR(__xludf.DUMMYFUNCTION("""COMPUTED_VALUE"""),360.0) -> 360 | L11: =IFERROR(__xludf.DUMMYFUNCTION("""COMPUTED_VALUE"""),56.9761694) -> 56.976169 | M11: =IFERROR(__xludf.DUMMYFUNCTION("""COMPUTED_VALUE"""),24.2544503) -> 24.25445
A12: =IFERROR(__xludf.DUMMYFUNCTION("""COMPUTED_VALUE"""),"For sale") -> For sale | B12: =IFERROR(__xludf.DUMMYFUNCTION("""COMPUTED_VALUE"""),"Mangaļi") -> Mangaļi | C12: =IFERROR(__xludf.DUMMYFUNCTION("""COMPUTED_VALUE"""),"Mores 3") -> Mores 3 | D12: =IFERROR(__xludf.DUMMYFUNCTION("""COMPUTED_VALUE"""),2.0) -> 2 | E12: =IFERROR(__xludf.DUMMYFUNCTION("""COMPUTED_VALUE"""),46.0) -> 46 | F12: =IFERROR(__xludf.DUMMYFUNCTION("""COMPUTED_VALUE"""),4.0) -> 4 | G12: =IFERROR(__xludf.DUMMYFUNCTION("""COMPUTED_VALUE"""),5.0) -> 5 | H12: =IFERROR(__xludf.DUMMYFUNCTION("""COMPUTED_VALUE"""),"Hrušč.") -> Hrušč. | I12: =IFERROR(__xludf.DUMMYFUNCTION("""COMPUTED_VALUE"""),"Panel") -> Panel | J12: =IFERROR(__xludf.DUMMYFUNCTION("""COMPUTED_VALUE"""),"All amenities") -> All amenities | K12: =IFERROR(__xludf.DUMMYFUNCTION("""COMPUTED_VALUE"""),39999.0) -> 39999 | L12: =IFERROR(__xludf.DUMMYFUNCTION("""COMPUTED_VALUE"""),57.0188111) -> 57.018811 | M12: =IFERROR(__xludf.DUMMYFUNCTION("""COMPUTED_VALUE"""),24.13501185) -> 24.135012
A13: =IFERROR(__xludf.DUMMYFUNCTION("""COMPUTED_VALUE"""),"For sale") -> For sale | B13: =IFERROR(__xludf.DUMMYFUNCTION("""COMPUTED_VALUE"""),"Jugla") -> Jugla | C13: =IFERROR(__xludf.DUMMYFUNCTION("""COMPUTED_VALUE"""),"Baltezera 1") -> Baltezera 1 | D13: =IFERROR(__xludf.DUMMYFUNCTION("""COMPUTED_VALUE"""),3.0) -> 3 | E13: =IFERROR(__xludf.DUMMYFUNCTION("""COMPUTED_VALUE"""),58.0) -> 58 | F13: =IFERROR(__xludf.DUMMYFUNCTION("""COMPUTED_VALUE"""),4.0) -> 4 | G13: =IFERROR(__xludf.DUMMYFUNCTION("""COMPUTED_VALUE"""),5.0) -> 5 | H13: =IFERROR(__xludf.DUMMYFUNCTION("""COMPUTED_VALUE"""),"Specpr.") -> Specpr. | I13: =IFERROR(__xludf.DUMMYFUNCTION("""COMPUTED_VALUE"""),"Brick") -> Brick | J13: =IFERROR(__xludf.DUMMYFUNCTION("""COMPUTED_VALUE"""),"All amenities") -> All amenities | K13: =IFERROR(__xludf.DUMMYFUNCTION("""COMPUTED_VALUE"""),50000.0) -> 50000 | L13: =IFERROR(__xludf.DUMMYFUNCTION("""COMPUTED_VALUE"""),56.9927002999999) -> 56.9927 | M13: =IFERROR(__xludf.DUMMYFUNCTION("""COMPUTED_VALUE"""),24.2400597) -> 24.24006
A14: =IFERROR(__xludf.DUMMYFUNCTION("""COMPUTED_VALUE"""),"For sale") -> For sale | B14: =IFERROR(__xludf.DUMMYFUNCTION("""COMPUTED_VALUE"""),"Mežciems") -> Mežciems | C14: =IFERROR(__xludf.DUMMYFUNCTION("""COMPUTED_VALUE"""),"Gaiļezera 4") -> Gaiļezera 4 | D14: =IFERROR(__xludf.DUMMYFUNCTION("""COMPUTED_VALUE"""),2.0) -> 2 | E14: =IFERROR(__xludf.DUMMYFUNCTION("""COMPUTED_VALUE"""),50.0) -> 50 | F14: =IFERROR(__xludf.DUMMYFUNCTION("""COMPUTED_VALUE"""),1.0) -> 1 | G14: =IFERROR(__xludf.DUMMYFUNCTION("""COMPUTED_VALUE"""),9.0) -> 9 | H14: =IFERROR(__xludf.DUMMYFUNCTION("""COMPUTED_VALUE"""),602.0) -> 602 | I14: =IFERROR(__xludf.DUMMYFUNCTION("""COMPUTED_VALUE"""),"Panel") -> Panel | J14: =IFERROR(__xludf.DUMMYFUNCTION("""COMPUTED_VALUE"""),"All amenities") -> All amenities | K14: =IFERROR(__xludf.DUMMYFUNCTION("""COMPUTED_VALUE"""),53000.0) -> 53000 | L14: =IFERROR(__xludf.DUMMYFUNCTION("""COMPUTED_VALUE"""),56.967948) -> 56.967948 | M14: =IFERROR(__xludf.DUMMYFUNCTION("""COMPUTED_VALUE"""),24.2351586311777) -> 24.235159
A15: =IFERROR(__xludf.DUMMYFUNCTION("""COMPUTED_VALUE"""),"For sale") -> For sale | B15: =IFERROR(__xludf.DUMMYFUNCTION("""COMPUTED_VALUE"""),"Maskavas priekšpilsēta") -> Maskavas priekšpilsēta | C15: =IFERROR(__xludf.DUMMYFUNCTION("""COMPUTED_VALUE"""),"Maskavas 291 k1") -> Maskavas 291 k1 | D15: =IFERROR(__xludf.DUMMYFUNCTION("""COMPUTED_VALUE"""),3.0) -> 3 | E15: =IFERROR(__xludf.DUMMYFUNCTION("""COMPUTED_VALUE"""),60.0) -> 60 | F15: =IFERROR(__xludf.DUMMYFUNCTION("""COMPUTED_VALUE"""),2.0) -> 2 | G15: =IFERROR(__xludf.DUMMYFUNCTION("""COMPUTED_VALUE"""),5.0) -> 5 | H15: =IFERROR(__xludf.DUMMYFUNCTION("""COMPUTED_VALUE"""),"LT proj.") -> LT proj. | I15: =IFERROR(__xludf.DUMMYFUNCTION("""COMPUTED_VALUE"""),"Panel") -> Panel | J15: =IFERROR(__xludf.DUMMYFUNCTION("""COMPUTED_VALUE"""),"All amenities") -> All amenities | K15: =IFERROR(__xludf.DUMMYFUNCTION("""COMPUTED_VALUE"""),48000.0) -> 48000 | L15: =IFERROR(__xludf.DUMMYFUNCTION("""COMPUTED_VALUE"""),56.9228069) -> 56.922807 | M15: =IFERROR(__xludf.DUMMYFUNCTION("""COMPUTED_VALUE"""),24.1703845) -> 24.170385
A16: =IFERROR(__xludf.DUMMYFUNCTION("""COMPUTED_VALUE"""),"For sale") -> For sale | B16: =IFERROR(__xludf.DUMMYFUNCTION("""COMPUTED_VALUE"""),"Zolitūde") -> Zolitūde | C16: =IFERROR(__xludf.DUMMYFUNCTION("""COMPUTED_VALUE"""),"Zolitūdes 46/2") -> Zolitūdes 46/2 | D16: =IFERROR(__xludf.DUMMYFUNCTION("""COMPUTED_VALUE"""),1.0) -> 1 | E16: =IFERROR(__xludf.DUMMYFUNCTION("""COMPUTED_VALUE"""),46.0) -> 46 | F16: =IFERROR(__xludf.DUMMYFUNCTION("""COMPUTED_VALUE"""),9.0) -> 9 | G16: =IFERROR(__xludf.DUMMYFUNCTION("""COMPUTED_VALUE"""),9.0) -> 9 | H16: =IFERROR(__xludf.DUMMYFUNCTION("""COMPUTED_VALUE"""),119.0) -> 119 | I16: =IFERROR(__xludf.DUMMYFUNCTION("""COMPUTED_VALUE"""),"Panel") -> Panel | J16: =IFERROR(__xludf.DUMMYFUNCTION("""COMPUTED_VALUE"""),"All amenities") -> All amenities | K16: =IFERROR(__xludf.DUMMYFUNCTION("""COMPUTED_VALUE"""),38500.0) -> 38500 | L16: =IFERROR(__xludf.DUMMYFUNCTION("""COMPUTED_VALUE"""),56.9461963) -> 56.946196 | M16: =IFERROR(__xludf.DUMMYFUNCTION("""COMPUTED_VALUE"""),24.0014164) -> 24.001416
A17: =IFERROR(__xludf.DUMMYFUNCTION("""COMPUTED_VALUE"""),"For sale") -> For sale | B17: =IFERROR(__xludf.DUMMYFUNCTION("""COMPUTED_VALUE"""),"Mežciems") -> Mežciems | C17: =IFERROR(__xludf.DUMMYFUNCTION("""COMPUTED_VALUE"""),"Celmu 5") -> Celmu 5 | D17: =IFERROR(__xludf.DUMMYFUNCTION("""COMPUTED_VALUE"""),2.0) -> 2 | E17: =IFERROR(__xludf.DUMMYFUNCTION("""COMPUTED_VALUE"""),36.0) -> 36 | F17: =IFERROR(__xludf.DUMMYFUNCTION("""COMPUTED_VALUE"""),1.0) -> 1 | G17: =IFERROR(__xludf.DUMMYFUNCTION("""COMPUTED_VALUE"""),5.0) -> 5 | H17: =IFERROR(__xludf.DUMMYFUNCTION("""COMPUTED_VALUE"""),"LT proj.") -> LT proj. | I17: =IFERROR(__xludf.DUMMYFUNCTION("""COMPUTED_VALUE"""),"Panel") -> Panel | J17: =IFERROR(__xludf.DUMMYFUNCTION("""COMPUTED_VALUE"""),"All amenities") -> All amenities | K17: =IFERROR(__xludf.DUMMYFUNCTION("""COMPUTED_VALUE"""),46000.0) -> 46000 | L17: =IFERROR(__xludf.DUMMYFUNCTION("""COMPUTED_VALUE"""),56.9736358) -> 56.973636 | M17: =IFERROR(__xludf.DUMMYFUNCTION("""COMPUTED_VALUE"""),24.2335309150293) -> 24.233531
A18: =IFERROR(__xludf.DUMMYFUNCTION("""COMPUTED_VALUE"""),"For sale") -> For sale | B18: =IFERROR(__xludf.DUMMYFUNCTION("""COMPUTED_VALUE"""),"centrs") -> centrs | C18: =IFERROR(__xludf.DUMMYFUNCTION("""COMPUTED_VALUE"""),"Krāsotāju 25") -> Krāsotāju 25 | D18: =IFERROR(__xludf.DUMMYFUNCTION("""COMPUTED_VALUE"""),2.0) -> 2 | E18: =IFERROR(__xludf.DUMMYFUNCTION("""COMPUTED_VALUE"""),36.0) -> 36 | F18: =IFERROR(__xludf.DUMMYFUNCTION("""COMPUTED_VALUE"""),5.0) -> 5 | G18: =IFERROR(__xludf.DUMMYFUNCTION("""COMPUTED_VALUE"""),5.0) -> 5 | H18: =IFERROR(__xludf.DUMMYFUNCTION("""COMPUTED_VALUE"""),"P. kara") -> P. kara | I18: =IFERROR(__xludf.DUMMYFUNCTION("""COMPUTED_VALUE"""),"Masonry") -> Masonry | J18: =IFERROR(__xludf.DUMMYFUNCTION("""COMPUTED_VALUE"""),"All amenities") -> All amenities | K18: =IFERROR(__xludf.DUMMYFUNCTION("""COMPUTED_VALUE"""),54900.0) -> 54900 | L18: =IFERROR(__xludf.DUMMYFUNCTION("""COMPUTED_VALUE"""),56.9562996) -> 56.9563 | M18: =IFERROR(__xludf.DUMMYFUNCTION("""COMPUTED_VALUE"""),24.1467585) -> 24.146759
A19: =IFERROR(__xludf.DUMMYFUNCTION("""COMPUTED_VALUE"""),"For rent") -> For rent | B19: =IFERROR(__xludf.DUMMYFUNCTION("""COMPUTED_VALUE"""),"Ziepniekkalns") -> Ziepniekkalns | C19: =IFERROR(__xludf.DUMMYFUNCTION("""COMPUTED_VALUE"""),"Ozolciema 54") -> Ozolciema 54 | D19: =IFERROR(__xludf.DUMMYFUNCTION("""COMPUTED_VALUE"""),1.0) -> 1 | E19: =IFERROR(__xludf.DUMMYFUNCTION("""COMPUTED_VALUE"""),44.0) -> 44 | F19: =IFERROR(__xludf.DUMMYFUNCTION("""COMPUTED_VALUE"""),4.0) -> 4 | G19: =IFERROR(__xludf.DUMMYFUNCTION("""COMPUTED_VALUE"""),9.0) -> 9 | H19: =IFERROR(__xludf.DUMMYFUNCTION("""COMPUTED_VALUE"""),"M. ģim.") -> M. ģim. | I19: =IFERROR(__xludf.DUMMYFUNCTION("""COMPUTED_VALUE"""),"Panel") -> Panel | J19: =IFERROR(__xludf.DUMMYFUNCTION("""COMPUTED_VALUE"""),"All amenities") -> All amenities | K19: =IFERROR(__xludf.DUMMYFUNCTION("""COMPUTED_VALUE"""),240.0) -> 240 | L19: =IFERROR(__xludf.DUMMYFUNCTION("""COMPUTED_VALUE"""),56.9014001) -> 56.9014 | M19: =IFERROR(__xludf.DUMMYFUNCTION("""COMPUTED_VALUE"""),24.0998855645099) -> 24.099886
A20: =IFERROR(__xludf.DUMMYFUNCTION("""COMPUTED_VALUE"""),"For sale") -> For sale | B20: =IFERROR(__xludf.DUMMYFUNCTION("""COMPUTED_VALUE"""),"Ķengarags") -> Ķengarags | C20: =IFERROR(__xludf.DUMMYFUNCTION("""COMPUTED_VALUE"""),"Maskavas 268/5") -> Maskavas 268/5 | D20: =IFERROR(__xludf.DUMMYFUNCTION("""COMPUTED_VALUE"""),3.0) -> 3 | E20: =IFERROR(__xludf.DUMMYFUNCTION("""COMPUTED_VALUE"""),60.0) -> 60 | F20: =IFERROR(__xludf.DUMMYFUNCTION("""COMPUTED_VALUE"""),3.0) -> 3 | G20: =IFERROR(__xludf.DUMMYFUNCTION("""COMPUTED_VALUE"""),5.0) -> 5 | H20: =IFERROR(__xludf.DUMMYFUNCTION("""COMPUTED_VALUE"""),"Hrušč.") -> Hrušč. | I20: =IFERROR(__xludf.DUMMYFUNCTION("""COMPUTED_VALUE"""),"Panel") -> Panel | J20: =IFERROR(__xludf.DUMMYFUNCTION("""COMPUTED_VALUE"""),"All amenities") -> All amenities | K20: =IFERROR(__xludf.DUMMYFUNCTION("""COMPUTED_VALUE"""),56500.0) -> 56500 | L20: =IFERROR(__xludf.DUMMYFUNCTION("""COMPUTED_VALUE"""),56.8945857) -> 56.894586 | M20: =IFERROR(__xludf.DUMMYFUNCTION("""COMPUTED_VALUE"""),24.2163422) -> 24.216342
A21: =IFERROR(__xludf.DUMMYFUNCTION("""COMPUTED_VALUE"""),"For sale") -> For sale | B21: =IFERROR(__xludf.DUMMYFUNCTION("""COMPUTED_VALUE"""),"Mežciems") -> Mežciems | C21: =IFERROR(__xludf.DUMMYFUNCTION("""COMPUTED_VALUE"""),"Eizenšteina 57") -> Eizenšteina 57 | D21: =IFERROR(__xludf.DUMMYFUNCTION("""COMPUTED_VALUE"""),3.0) -> 3 | E21: =IFERROR(__xludf.DUMMYFUNCTION("""COMPUTED_VALUE"""),62.0) -> 62 | F21: =IFERROR(__xludf.DUMMYFUNCTION("""COMPUTED_VALUE"""),6.0) -> 6 | G21: =IFERROR(__xludf.DUMMYFUNCTION("""COMPUTED_VALUE"""),9.0) -> 9 | H21: =IFERROR(__xludf.DUMMYFUNCTION("""COMPUTED_VALUE"""),602.0) -> 602 | I21: =IFERROR(__xludf.DUMMYFUNCTION("""COMPUTED_VALUE"""),"Panel") -> Panel | J21: =IFERROR(__xludf.DUMMYFUNCTION("""COMPUTED_VALUE"""),"All amenities") -> All amenities | K21: =IFERROR(__xludf.DUMMYFUNCTION("""COMPUTED_VALUE"""),52500.0) -> 52500 | L21: =IFERROR(__xludf.DUMMYFUNCTION("""COMPUTED_VALUE"""),56.96342305) -> 56.963423 | M21: =IFERROR(__xludf.DUMMYFUNCTION("""COMPUTED_VALUE"""),24.2351297251986) -> 24.23513
A22: =IFERROR(__xludf.DUMMYFUNCTION("""COMPUTED_VALUE"""),"For rent") -> For rent | B22: =IFERROR(__xludf.DUMMYFUNCTION("""COMPUTED_VALUE"""),"Bolderāja") -> Bolderāja | C22: =IFERROR(__xludf.DUMMYFUNCTION("""COMPUTED_VALUE"""),"Stagaru 4") -> Stagaru 4 | D22: =IFERROR(__xludf.DUMMYFUNCTION("""COMPUTED_VALUE"""),2.0) -> 2 | E22: =IFERROR(__xludf.DUMMYFUNCTION("""COMPUTED_VALUE"""),50.0) -> 50 | F22: =IFERROR(__xludf.DUMMYFUNCTION("""COMPUTED_VALUE"""),2.0) -> 2 | G22: =IFERROR(__xludf.DUMMYFUNCTION("""COMPUTED_VALUE"""),5.0) -> 5 | H22: =IFERROR(__xludf.DUMMYFUNCTION("""COMPUTED_VALUE"""),"Specpr.") -> Specpr. | I22: =IFERROR(__xludf.DUMMYFUNCTION("""COMPUTED_VALUE"""),"Panel") -> Panel | J22: =IFERROR(__xludf.DUMMYFUNCTION("""COMPUTED_VALUE"""),"All amenities") -> All amenities | K22: =IFERROR(__xludf.DUMMYFUNCTION("""COMPUTED_VALUE"""),260.0) -> 260 | L22: =IFERROR(__xludf.DUMMYFUNCTION("""COMPUTED_VALUE"""),57.02965155) -> 57.029652 | M22: =IFERROR(__xludf.DUMMYFUNCTION("""COMPUTED_VALUE"""),24.0359751945236) -> 24.035975
A23: =IFERROR(__xludf.DUMMYFUNCTION("""COMPUTED_VALUE"""),"For sale") -> For sale | B23: =IFERROR(__xludf.DUMMYFUNCTION("""COMPUTED_VALUE"""),"Purvciems") -> Purvciems | C23: =IFERROR(__xludf.DUMMYFUNCTION("""COMPUTED_VALUE"""),"Dzelzavas 13") -> Dzelzavas 13 | D23: =IFERROR(__xludf.DUMMYFUNCTION("""COMPUTED_VALUE"""),2.0) -> 2 | E23: =IFERROR(__xludf.DUMMYFUNCTION("""COMPUTED_VALUE"""),44.0) -> 44 | F23: =IFERROR(__xludf.DUMMYFUNCTION("""COMPUTED_VALUE"""),4.0) -> 4 | G23: =IFERROR(__xludf.DUMMYFUNCTION("""COMPUTED_VALUE"""),5.0) -> 5 | H23: =IFERROR(__xludf.DUMMYFUNCTION("""COMPUTED_VALUE"""),"Hrušč.") -> Hrušč. | I23: =IFERROR(__xludf.DUMMYFUNCTION("""COMPUTED_VALUE"""),"Brick") -> Brick | J23: =IFERROR(__xludf.DUMMYFUNCTION("""COMPUTED_VALUE"""),"Without amenities") -> Without amenities | K23: =IFERROR(__xludf.DUMMYFUNCTION("""COMPUTED_VALUE"""),39000.0) -> 39000 | L23: =IFERROR(__xludf.DUMMYFUNCTION("""COMPUTED_VALUE"""),56.9636785) -> 56.963679 | M23: =IFERROR(__xludf.DUMMYFUNCTION("""COMPUTED_VALUE"""),24.1706167383245) -> 24.170617
A24: =IFERROR(__xludf.DUMMYFUNCTION("""COMPUTED_VALUE"""),"For rent") -> For rent | B24: =IFERROR(__xludf.DUMMYFUNCTION("""COMPUTED_VALUE"""),"centrs") -> centrs | C24: =IFERROR(__xludf.DUMMYFUNCTION("""COMPUTED_VALUE"""),"Čaka 33") -> Čaka 33 | D24: =IFERROR(__xludf.DUMMYFUNCTION("""COMPUTED_VALUE"""),2.0) -> 2 | E24: =IFERROR(__xludf.DUMMYFUNCTION("""COMPUTED_VALUE"""),40.0) -> 40 | F24: =IFERROR(__xludf.DUMMYFUNCTION("""COMPUTED_VALUE"""),4.0) -> 4 | G24: =IFERROR(__xludf.DUMMYFUNCTION("""COMPUTED_VALUE"""),6.0) -> 6 | H24: =IFERROR(__xludf.DUMMYFUNCTION("""COMPUTED_VALUE"""),"P. kara") -> P. kara | I24: =IFERROR(__xludf.DUMMYFUNCTION("""COMPUTED_VALUE"""),"Masonry") -> Masonry | J24: =IFERROR(__xludf.DUMMYFUNCTION("""COMPUTED_VALUE"""),"All amenities") -> All amenities | K24: =IFERROR(__xludf.DUMMYFUNCTION("""COMPUTED_VALUE"""),395.0) -> 395 | L24: =IFERROR(__xludf.DUMMYFUNCTION("""COMPUTED_VALUE"""),56.9521436) -> 56.952144 | M24: =IFERROR(__xludf.DUMMYFUNCTION("""COMPUTED_VALUE"""),24.1276865) -> 24.127686
A25: =IFERROR(__xludf.DUMMYFUNCTION("""COMPUTED_VALUE"""),"For rent") -> For rent | B25: =IFERROR(__xludf.DUMMYFUNCTION("""COMPUTED_VALUE"""),"centrs") -> centrs | C25: =IFERROR(__xludf.DUMMYFUNCTION("""COMPUTED_VALUE"""),"Bruņinieku 115") -> Bruņinieku 115 | D25: =IFERROR(__xludf.DUMMYFUNCTION("""COMPUTED_VALUE"""),2.0) -> 2 | E25: =IFERROR(__xludf.DUMMYFUNCTION("""COMPUTED_VALUE"""),45.0) -> 45 | F25: =IFERROR(__xludf.DUMMYFUNCTION("""COMPUTED_VALUE"""),2.0) -> 2 | G25: =IFERROR(__xludf.DUMMYFUNCTION("""COMPUTED_VALUE"""),4.0) -> 4 | H25: =IFERROR(__xludf.DUMMYFUNCTION("""COMPUTED_VALUE"""),"Renov.") -> Renov. | I25: =IFERROR(__xludf.DUMMYFUNCTION("""COMPUTED_VALUE"""),"Masonry") -> Masonry | J25: =IFERROR(__xludf.DUMMYFUNCTION("""COMPUTED_VALUE"""),"All amenities") -> All amenities | K25: =IFERROR(__xludf.DUMMYFUNCTION("""COMPUTED_VALUE"""),350.0) -> 350 | L25: =IFERROR(__xludf.DUMMYFUNCTION("""COMPUTED_VALUE"""),56.949971) -> 56.949971 | M25: =IFERROR(__xludf.DUMMYFUNCTION("""COMPUTED_VALUE"""),24.1441423352317) -> 24.144142
A26: =IFERROR(__xludf.DUMMYFUNCTION("""COMPUTED_VALUE"""),"For rent") -> For rent | B26: =IFERROR(__xludf.DUMMYFUNCTION("""COMPUTED_VALUE"""),"Grīziņkalns") -> Grīziņkalns | C26: =IFERROR(__xludf.DUMMYFUNCTION("""COMPUTED_VALUE"""),"Alauksta 4a") -> Alauksta 4a | D26: =IFERROR(__xludf.DUMMYFUNCTION("""COMPUTED_VALUE"""),1.0) -> 1 | E26: =IFERROR(__xludf.DUMMYFUNCTION("""COMPUTED_VALUE"""),26.0) -> 26 | F26: =IFERROR(__xludf.DUMMYFUNCTION("""COMPUTED_VALUE"""),2.0) -> 2 | G26: =IFERROR(__xludf.DUMMYFUNCTION("""COMPUTED_VALUE"""),3.0) -> 3 | H26: =IFERROR(__xludf.DUMMYFUNCTION("""COMPUTED_VALUE"""),"Renov.") -> Renov. | I26: =IFERROR(__xludf.DUMMYFUNCTION("""COMPUTED_VALUE"""),"Wood") -> Wood | J26: =IFERROR(__xludf.DUMMYFUNCTION("""COMPUTED_VALUE"""),"All amenities") -> All amenities | K26: =IFERROR(__xludf.DUMMYFUNCTION("""COMPUTED_VALUE"""),345.0) -> 345 | L26: =IFERROR(__xludf.DUMMYFUNCTION("""COMPUTED_VALUE"""),56.9610304) -> 56.96103 | M26: =IFERROR(__xludf.DUMMYFUNCTION("""COMPUTED_VALUE"""),24.1476406) -> 24.147641
A27: =IFERROR(__xludf.DUMMYFUNCTION("""COMPUTED_VALUE"""),"For rent") -> For rent | B27: =IFERROR(__xludf.DUMMYFUNCTION("""COMPUTED_VALUE"""),"Ziepniekkalns") -> Ziepniekkalns | C27: =IFERROR(__xludf.DUMMYFUNCTION("""COMPUTED_VALUE"""),"Kartupeļu 47") -> Kartupeļu 47 | D27: =IFERROR(__xludf.DUMMYFUNCTION("""COMPUTED_VALUE"""),2.0) -> 2 | E27: =IFERROR(__xludf.DUMMYFUNCTION("""COMPUTED_VALUE"""),56.0) -> 56 | F27: =IFERROR(__xludf.DUMMYFUNCTION("""COMPUTED_VALUE"""),8.0) -> 8 | G27: =IFERROR(__xludf.DUMMYFUNCTION("""COMPUTED_VALUE"""),9.0) -> 9 | H27: =IFERROR(__xludf.DUMMYFUNCTION("""COMPUTED_VALUE"""),"Specpr.") -> Specpr. | I27: =IFERROR(__xludf.DUMMYFUNCTION("""COMPUTED_VALUE"""),"Brick") -> Brick | J27: =IFERROR(__xludf.DUMMYFUNCTION("""COMPUTED_VALUE"""),"All amenities") -> All amenities | K27: =IFERROR(__xludf.DUMMYFUNCTION("""COMPUTED_VALUE"""),250.0) -> 250 | L27: =IFERROR(__xludf.DUMMYFUNCTION("""COMPUTED_VALUE"""),56.91095995) -> 56.91096 | M27: =IFERROR(__xludf.DUMMYFUNCTION("""COMPUTED_VALUE"""),24.1100004569314) -> 24.11
A28: =IFERROR(__xludf.DUMMYFUNCTION("""COMPUTED_VALUE"""),"For rent") -> For rent | B28: =IFERROR(__xludf.DUMMYFUNCTION("""COMPUTED_VALUE"""),"Bolderāja") -> Bolderāja | C28: =IFERROR(__xludf.DUMMYFUNCTION("""COMPUTED_VALUE"""),"Gobas 16") -> Gobas 16 | D28: =IFERROR(__xludf.DUMMYFUNCTION("""COMPUTED_VALUE"""),1.0) -> 1 | E28: =IFERROR(__xludf.DUMMYFUNCTION("""COMPUTED_VALUE"""),34.0) -> 34 | F28: =IFERROR(__xludf.DUMMYFUNCTION("""COMPUTED_VALUE"""),3.0) -> 3 | G28: =IFERROR(__xludf.DUMMYFUNCTION("""COMPUTED_VALUE"""),5.0) -> 5 | H28: =IFERROR(__xludf.DUMMYFUNCTION("""COMPUTED_VALUE"""),103.0) -> 103 | I28: =IFERROR(__xludf.DUMMYFUNCTION("""COMPUTED_VALUE"""),"Brick-Panel") -> Brick-Panel | J28: =IFERROR(__xludf.DUMMYFUNCTION("""COMPUTED_VALUE"""),"All amenities") -> All amenities | K28: =IFERROR(__xludf.DUMMYFUNCTION("""COMPUTED_VALUE"""),210.0) -> 210 | L28: =IFERROR(__xludf.DUMMYFUNCTION("""COMPUTED_VALUE"""),57.03135185) -> 57.031352 | M28: =IFERROR(__xludf.DUMMYFUNCTION("""COMPUTED_VALUE"""),24.0508646842677) -> 24.050865
A29: =IFERROR(__xludf.DUMMYFUNCTION("""COMPUTED_VALUE"""),"For sale") -> For sale | B29: =IFERROR(__xludf.DUMMYFUNCTION("""COMPUTED_VALUE"""),"Dreiliņi") -> Dreiliņi | C29: =IFERROR(__xludf.DUMMYFUNCTION("""COMPUTED_VALUE"""),"Valtera 5") -> Valtera 5 | D29: =IFERROR(__xludf.DUMMYFUNCTION("""COMPUTED_VALUE"""),4.0) -> 4 | E29: =IFERROR(__xludf.DUMMYFUNCTION("""COMPUTED_VALUE"""),78.0) -> 78 | F29: =IFERROR(__xludf.DUMMYFUNCTION("""COMPUTED_VALUE"""),1.0) -> 1 | G29: =IFERROR(__xludf.DUMMYFUNCTION("""COMPUTED_VALUE"""),9.0) -> 9 | H29: =IFERROR(__xludf.DUMMYFUNCTION("""COMPUTED_VALUE"""),602.0) -> 602 | I29: =IFERROR(__xludf.DUMMYFUNCTION("""COMPUTED_VALUE"""),"Panel") -> Panel | J29: =IFERROR(__xludf.DUMMYFUNCTION("""COMPUTED_VALUE"""),"All amenities") -> All amenities | K29: =IFERROR(__xludf.DUMMYFUNCTION("""COMPUTED_VALUE"""),91000.0) -> 91000 | L29: =IFERROR(__xludf.DUMMYFUNCTION("""COMPUTED_VALUE"""),56.9469271499999) -> 56.946927 | M29: =IFERROR(__xludf.DUMMYFUNCTION("""COMPUTED_VALUE"""),24.2365113562527) -> 24.236511
A30: =IFERROR(__xludf.DUMMYFUNCTION("""COMPUTED_VALUE"""),"For sale") -> For sale | B30: =IFERROR(__xludf.DUMMYFUNCTION("""COMPUTED_VALUE"""),"Ķengarags") -> Ķengarags | C30: =IFERROR(__xludf.DUMMYFUNCTION("""COMPUTED_VALUE"""),"Prūšu 22") -> Prūšu 22 | D30: =IFERROR(__xludf.DUMMYFUNCTION("""COMPUTED_VALUE"""),2.0) -> 2 | E30: =IFERROR(__xludf.DUMMYFUNCTION("""COMPUTED_VALUE"""),42.0) -> 42 | F30: =IFERROR(__xludf.DUMMYFUNCTION("""COMPUTED_VALUE"""),3.0) -> 3 | G30: =IFERROR(__xludf.DUMMYFUNCTION("""COMPUTED_VALUE"""),5.0) -> 5 | H30: =IFERROR(__xludf.DUMMYFUNCTION("""COMPUTED_VALUE"""),"Hrušč.") -> Hrušč. | I30: =IFERROR(__xludf.DUMMYFUNCTION("""COMPUTED_VALUE"""),"Brick") -> Brick | J30: =IFERROR(__xludf.DUMMYFUNCTION("""COMPUTED_VALUE"""),"All amenities") -> All amenities | K30: =IFERROR(__xludf.DUMMYFUNCTION("""COMPUTED_VALUE"""),45900.0) -> 45900 | L30: =IFERROR(__xludf.DUMMYFUNCTION("""COMPUTED_VALUE"""),56.9134761) -> 56.913476 | M30: =IFERROR(__xludf.DUMMYFUNCTION("""COMPUTED_VALUE"""),24.18677075) -> 24.186771
A31: =IFERROR(__xludf.DUMMYFUNCTION("""COMPUTED_VALUE"""),"For sale") -> For sale | B31: =IFERROR(__xludf.DUMMYFUNCTION("""COMPUTED_VALUE"""),"Pļavnieki") -> Pļavnieki | C31: =IFERROR(__xludf.DUMMYFUNCTION("""COMPUTED_VALUE"""),"Dzeņu 12") -> Dzeņu 12 | D31: =IFERROR(__xludf.DUMMYFUNCTION("""COMPUTED_VALUE"""),1.0) -> 1 | E31: =IFERROR(__xludf.DUMMYFUNCTION("""COMPUTED_VALUE"""),35.0) -> 35 | F31: =IFERROR(__xludf.DUMMYFUNCTION("""COMPUTED_VALUE"""),1.0) -> 1 | G31: =IFERROR(__xludf.DUMMYFUNCTION("""COMPUTED_VALUE"""),9.0) -> 9 | H31: =IFERROR(__xludf.DUMMYFUNCTION("""COMPUTED_VALUE"""),602.0) -> 602 | I31: =IFERROR(__xludf.DUMMYFUNCTION("""COMPUTED_VALUE"""),"Brick-Panel") -> Brick-Panel | J31: =IFERROR(__xludf.DUMMYFUNCTION("""COMPUTED_VALUE"""),"All amenities") -> All amenities | K31: =IFERROR(__xludf.DUMMYFUNCTION("""COMPUTED_VALUE"""),37000.0) -> 37000 | L31: =IFERROR(__xludf.DUMMYFUNCTION("""COMPUTED_VALUE"""),56.9397226) -> 56.939723 | M31: =IFERROR(__xludf.DUMMYFUNCTION("""COMPUTED_VALUE"""),24.2126243664139) -> 24.212624
A32: =IFERROR(__xludf.DUMMYFUNCTION("""COMPUTED_VALUE"""),"For rent") -> For rent | B32: =IFERROR(__xludf.DUMMYFUNCTION("""COMPUTED_VALUE"""),"Dzegužkalns") -> Dzegužkalns | C32: =IFERROR(__xludf.DUMMYFUNCTION("""COMPUTED_VALUE"""),"Purva 25") -> Purva 25 | D32: =IFERROR(__xludf.DUMMYFUNCTION("""COMPUTED_VALUE"""),1.0) -> 1 | E32: =IFERROR(__xludf.DUMMYFUNCTION("""COMPUTED_VALUE"""),29.0) -> 29 | F32: =IFERROR(__xludf.DUMMYFUNCTION("""COMPUTED_VALUE"""),4.0) -> 4 | G32: =IFERROR(__xludf.DUMMYFUNCTION("""COMPUTED_VALUE"""),5.0) -> 5 | H32: =IFERROR(__xludf.DUMMYFUNCTION("""COMPUTED_VALUE"""),"LT proj.") -> LT proj. | I32: =IFERROR(__xludf.DUMMYFUNCTION("""COMPUTED_VALUE"""),"Panel") -> Panel | J32: =IFERROR(__xludf.DUMMYFUNCTION("""COMPUTED_VALUE"""),"All amenities") -> All amenities | K32: =IFERROR(__xludf.DUMMYFUNCTION("""COMPUTED_VALUE"""),240.0) -> 240 | L32: =IFERROR(__xludf.DUMMYFUNCTION("""COMPUTED_VALUE"""),56.95770335) -> 56.957703 | M32: =IFERROR(__xludf.DUMMYFUNCTION("""COMPUTED_VALUE"""),24.0505207014209) -> 24.050521
A33: =IFERROR(__xludf.DUMMYFUNCTION("""COMPUTED_VALUE"""),"For rent") -> For rent | B33: =IFERROR(__xludf.DUMMYFUNCTION("""COMPUTED_VALUE"""),"Imanta") -> Imanta | C33: =IFERROR(__xludf.DUMMYFUNCTION("""COMPUTED_VALUE"""),"Slokas 130a") -> Slokas 130a | D33: =IFERROR(__xludf.DUMMYFUNCTION("""COMPUTED_VALUE"""),2.0) -> 2 | E33: =IFERROR(__xludf.DUMMYFUNCTION("""COMPUTED_VALUE"""),60.0) -> 60 | F33: =IFERROR(__xludf.DUMMYFUNCTION("""COMPUTED_VALUE"""),3.0) -> 3 | G33: =IFERROR(__xludf.DUMMYFUNCTION("""COMPUTED_VALUE"""),8.0) -> 8 | H33: =IFERROR(__xludf.DUMMYFUNCTION("""COMPUTED_VALUE"""),"Jaun.") -> Jaun. | I33: =IFERROR(__xludf.DUMMYFUNCTION("""COMPUTED_VALUE"""),"Masonry") -> Masonry | J33: =IFERROR(__xludf.DUMMYFUNCTION("""COMPUTED_VALUE"""),"All amenities") -> All amenities | K33: =IFERROR(__xludf.DUMMYFUNCTION("""COMPUTED_VALUE"""),580.0) -> 580 | L33: =IFERROR(__xludf.DUMMYFUNCTION("""COMPUTED_VALUE"""),56.96485355) -> 56.964854 | M33: =IFERROR(__xludf.DUMMYFUNCTION("""COMPUTED_VALUE"""),24.01574948511) -> 24.015749
A34: =IFERROR(__xludf.DUMMYFUNCTION("""COMPUTED_VALUE"""),"For sale") -> For sale | B34: =IFERROR(__xludf.DUMMYFUNCTION("""COMPUTED_VALUE"""),"Imanta") -> Imanta | C34: =IFERROR(__xludf.DUMMYFUNCTION("""COMPUTED_VALUE"""),"Slokas 130a") -> Slokas 130a | D34: =IFERROR(__xludf.DUMMYFUNCTION("""COMPUTED_VALUE"""),2.0) -> 2 | E34: =IFERROR(__xludf.DUMMYFUNCTION("""COMPUTED_VALUE"""),62.0) -> 62 | F34: =IFERROR(__xludf.DUMMYFUNCTION("""COMPUTED_VALUE"""),3.0) -> 3 | G34: =IFERROR(__xludf.DUMMYFUNCTION("""COMPUTED_VALUE"""),5.0) -> 5 | H34: =IFERROR(__xludf.DUMMYFUNCTION("""COMPUTED_VALUE"""),"Jaun.") -> Jaun. | I34: =IFERROR(__xludf.DUMMYFUNCTION("""COMPUTED_VALUE"""),"Masonry") -> Masonry | J34: =IFERROR(__xludf.DUMMYFUNCTION("""COMPUTED_VALUE"""),"All amenities") -> All amenities | K34: =IFERROR(__xludf.DUMMYFUNCTION("""COMPUTED_VALUE"""),120000.0) -> 120000 | L34: =IFERROR(__xludf.DUMMYFUNCTION("""COMPUTED_VALUE"""),56.96485355) -> 56.964854 | M34: =IFERROR(__xludf.DUMMYFUNCTION("""COMPUTED_VALUE"""),24.01574948511) -> 24.015749
A35: =IFERROR(__xludf.DUMMYFUNCTION("""COMPUTED_VALUE"""),"For rent") -> For rent | B35: =IFERROR(__xludf.DUMMYFUNCTION("""COMPUTED_VALUE"""),"centrs") -> centrs | C35: =IFERROR(__xludf.DUMMYFUNCTION("""COMPUTED_VALUE"""),"Indrānu 13") -> Indrānu 13 | D35: =IFERROR(__xludf.DUMMYFUNCTION("""COMPUTED_VALUE"""),1.0) -> 1 | E35: =IFERROR(__xludf.DUMMYFUNCTION("""COMPUTED_VALUE"""),34.0) -> 34 | F35: =IFERROR(__xludf.DUMMYFUNCTION("""COMPUTED_VALUE"""),5.0) -> 5 | G35: =IFERROR(__xludf.DUMMYFUNCTION("""COMPUTED_VALUE"""),5.0) -> 5 | H35: =IFERROR(__xludf.DUMMYFUNCTION("""COMPUTED_VALUE"""),"LT proj.") -> LT proj. | I35: =IFERROR(__xludf.DUMMYFUNCTION("""COMPUTED_VALUE"""),"Brick-Panel") -> Brick-Panel | J35: =IFERROR(__xludf.DUMMYFUNCTION("""COMPUTED_VALUE"""),"All amenities") -> All amenities | K35: =IFERROR(__xludf.DUMMYFUNCTION("""COMPUTED_VALUE"""),320.0) -> 320 | L35: =IFERROR(__xludf.DUMMYFUNCTION("""COMPUTED_VALUE"""),56.9685959) -> 56.968596 | M35: =IFERROR(__xludf.DUMMYFUNCTION("""COMPUTED_VALUE"""),24.1452571692525) -> 24.145257
A36: =IFERROR(__xludf.DUMMYFUNCTION("""COMPUTED_VALUE"""),"For sale") -> For sale | B36: =IFERROR(__xludf.DUMMYFUNCTION("""COMPUTED_VALUE"""),"Ķengarags") -> Ķengarags | C36: =IFERROR(__xludf.DUMMYFUNCTION("""COMPUTED_VALUE"""),"Festivāla 1") -> Festivāla 1 | D36: =IFERROR(__xludf.DUMMYFUNCTION("""COMPUTED_VALUE"""),3.0) -> 3 | E36: =IFERROR(__xludf.DUMMYFUNCTION("""COMPUTED_VALUE"""),55.0) -> 55 | F36: =IFERROR(__xludf.DUMMYFUNCTION("""COMPUTED_VALUE"""),3.0) -> 3 | G36: =IFERROR(__xludf.DUMMYFUNCTION("""COMPUTED_VALUE"""),5.0) -> 5 | H36: =IFERROR(__xludf.DUMMYFUNCTION("""COMPUTED_VALUE"""),"Specpr.") -> Specpr. | I36: =IFERROR(__xludf.DUMMYFUNCTION("""COMPUTED_VALUE"""),"Brick") -> Brick | J36: =IFERROR(__xludf.DUMMYFUNCTION("""COMPUTED_VALUE"""),"All amenities") -> All amenities | K36: =IFERROR(__xludf.DUMMYFUNCTION("""COMPUTED_VALUE"""),43000.0) -> 43000 | L36: =IFERROR(__xludf.DUMMYFUNCTION("""COMPUTED_VALUE"""),56.90348845) -> 56.903488 | M36: =IFERROR(__xludf.DUMMYFUNCTION("""COMPUTED_VALUE"""),24.20369795) -> 24.203698
A37: =IFERROR(__xludf.DUMMYFUNCTION("""COMPUTED_VALUE"""),"For rent") -> For rent | B37: =IFERROR(__xludf.DUMMYFUNCTION("""COMPUTED_VALUE"""),"Purvciems") -> Purvciems | C37: =IFERROR(__xludf.DUMMYFUNCTION("""COMPUTED_VALUE"""),"Ieriķu 58") -> Ieriķu 58 | D37: =IFERROR(__xludf.DUMMYFUNCTION("""COMPUTED_VALUE"""),1.0) -> 1 | E37: =IFERROR(__xludf.DUMMYFUNCTION("""COMPUTED_VALUE"""),43.0) -> 43 | F37: =IFERROR(__xludf.DUMMYFUNCTION("""COMPUTED_VALUE"""),9.0) -> 9 | G37: =IFERROR(__xludf.DUMMYFUNCTION("""COMPUTED_VALUE"""),9.0) -> 9 | H37: =IFERROR(__xludf.DUMMYFUNCTION("""COMPUTED_VALUE"""),"Specpr.") -> Specpr. | I37: =IFERROR(__xludf.DUMMYFUNCTION("""COMPUTED_VALUE"""),"Brick") -> Brick | J37: =IFERROR(__xludf.DUMMYFUNCTION("""COMPUTED_VALUE"""),"All amenities") -> All amenities | K37: =IFERROR(__xludf.DUMMYFUNCTION("""COMPUTED_VALUE"""),25.0) -> 25 | L37: =IFERROR(__xludf.DUMMYFUNCTION("""COMPUTED_VALUE"""),56.9655674) -> 56.965567 | M37: =IFERROR(__xludf.DUMMYFUNCTION("""COMPUTED_VALUE"""),24.1830043136253) -> 24.183004
A38: =IFERROR(__xludf.DUMMYFUNCTION("""COMPUTED_VALUE"""),"For rent") -> For rent | B38: =IFERROR(__xludf.DUMMYFUNCTION("""COMPUTED_VALUE"""),"Ķīpsala") -> Ķīpsala | C38: =IFERROR(__xludf.DUMMYFUNCTION("""COMPUTED_VALUE"""),"Balasta d. 72") -> Balasta d. 72 | D38: =IFERROR(__xludf.DUMMYFUNCTION("""COMPUTED_VALUE"""),2.0) -> 2 | E38: =IFERROR(__xludf.DUMMYFUNCTION("""COMPUTED_VALUE"""),86.0) -> 86 | F38: =IFERROR(__xludf.DUMMYFUNCTION("""COMPUTED_VALUE"""),2.0) -> 2 | G38: =IFERROR(__xludf.DUMMYFUNCTION("""COMPUTED_VALUE"""),4.0) -> 4 | H38: =IFERROR(__xludf.DUMMYFUNCTION("""COMPUTED_VALUE"""),"Jaun.") -> Jaun. | I38: =IFERROR(__xludf.DUMMYFUNCTION("""COMPUTED_VALUE"""),"Masonry") -> Masonry | J38: =IFERROR(__xludf.DUMMYFUNCTION("""COMPUTED_VALUE"""),"All amenities") -> All amenities | K38: =IFERROR(__xludf.DUMMYFUNCTION("""COMPUTED_VALUE"""),1200.0) -> 1200 | L38: =IFERROR(__xludf.DUMMYFUNCTION("""COMPUTED_VALUE"""),56.9489344) -> 56.948934 | M38: =IFERROR(__xludf.DUMMYFUNCTION("""COMPUTED_VALUE"""),24.0882804) -> 24.08828
A39: =IFERROR(__xludf.DUMMYFUNCTION("""COMPUTED_VALUE"""),"For rent") -> For rent | B39: =IFERROR(__xludf.DUMMYFUNCTION("""COMPUTED_VALUE"""),"centrs") -> centrs | C39: =IFERROR(__xludf.DUMMYFUNCTION("""COMPUTED_VALUE"""),"Barona 14") -> Barona 14 | D39: =IFERROR(__xludf.DUMMYFUNCTION("""COMPUTED_VALUE"""),1.0) -> 1 | E39: =IFERROR(__xludf.DUMMYFUNCTION("""COMPUTED_VALUE"""),40.0) -> 40 | F39: =IFERROR(__xludf.DUMMYFUNCTION("""COMPUTED_VALUE"""),4.0) -> 4 | G39: =IFERROR(__xludf.DUMMYFUNCTION("""COMPUTED_VALUE"""),5.0) -> 5 | H39: =IFERROR(__xludf.DUMMYFUNCTION("""COMPUTED_VALUE"""),"Renov.") -> Renov. | I39: =IFERROR(__xludf.DUMMYFUNCTION("""COMPUTED_VALUE"""),"Masonry") -> Masonry | J39: =IFERROR(__xludf.DUMMYFUNCTION("""COMPUTED_VALUE"""),"All amenities") -> All amenities | K39: =IFERROR(__xludf.DUMMYFUNCTION("""COMPUTED_VALUE"""),600.0) -> 600 | L39: =IFERROR(__xludf.DUMMYFUNCTION("""COMPUTED_VALUE"""),56.9506147) -> 56.950615 | M39: =IFERROR(__xludf.DUMMYFUNCTION("""COMPUTED_VALUE"""),24.1212313) -> 24.121231
A40: =IFERROR(__xludf.DUMMYFUNCTION("""COMPUTED_VALUE"""),"For rent") -> For rent | B40: =IFERROR(__xludf.DUMMYFUNCTION("""COMPUTED_VALUE"""),"centrs") -> centrs | C40: =IFERROR(__xludf.DUMMYFUNCTION("""COMPUTED_VALUE"""),"Bruņinieku 64") -> Bruņinieku 64 | D40: =IFERROR(__xludf.DUMMYFUNCTION("""COMPUTED_VALUE"""),2.0) -> 2 | E40: =IFERROR(__xludf.DUMMYFUNCTION("""COMPUTED_VALUE"""),36.0) -> 36 | F40: =IFERROR(__xludf.DUMMYFUNCTION("""COMPUTED_VALUE"""),3.0) -> 3 | G40: =IFERROR(__xludf.DUMMYFUNCTION("""COMPUTED_VALUE"""),3.0) -> 3 | H40: =IFERROR(__xludf.DUMMYFUNCTION("""COMPUTED_VALUE"""),"P. kara") -> P. kara | I40: =IFERROR(__xludf.DUMMYFUNCTION("""COMPUTED_VALUE"""),"Brick") -> Brick | J40: =IFERROR(__xludf.DUMMYFUNCTION("""COMPUTED_VALUE"""),"All amenities") -> All amenities | K40: =IFERROR(__xludf.DUMMYFUNCTION("""COMPUTED_VALUE"""),250.0) -> 250 | L40: =IFERROR(__xludf.DUMMYFUNCTION("""COMPUTED_VALUE"""),56.9530706) -> 56.953071 | M40: =IFERROR(__xludf.DUMMYFUNCTION("""COMPUTED_VALUE"""),24.1376419) -> 24.137642
A41: =IFERROR(__xludf.DUMMYFUNCTION("""COMPUTED_VALUE"""),"For sale") -> For sale | B41: =IFERROR(__xludf.DUMMYFUNCTION("""COMPUTED_VALUE"""),"centrs") -> centrs | C41: =IFERROR(__xludf.DUMMYFUNCTION("""COMPUTED_VALUE"""),"Tērbatas 46") -> Tērbatas 46 | D41: =IFERROR(__xludf.DUMMYFUNCTION("""COMPUTED_VALUE"""),3.0) -> 3 | E41: =IFERROR(__xludf.DUMMYFUNCTION("""COMPUTED_VALUE"""),85.0) -> 85 | F41: =IFERROR(__xludf.DUMMYFUNCTION("""COMPUTED_VALUE"""),3.0) -> 3 | G41: =IFERROR(__xludf.DUMMYFUNCTION("""COMPUTED_VALUE"""),6.0) -> 6 | H41: =IFERROR(__xludf.DUMMYFUNCTION("""COMPUTED_VALUE"""),"P. kara") -> P. kara | I41: =IFERROR(__xludf.DUMMYFUNCTION("""COMPUTED_VALUE"""),"Brick") -> Brick | J41: =IFERROR(__xludf.DUMMYFUNCTION("""COMPUTED_VALUE"""),"All amenities") -> All amenities | K41: =IFERROR(__xludf.DUMMYFUNCTION("""COMPUTED_VALUE"""),170000.0) -> 170000 | L41: =IFERROR(__xludf.DUMMYFUNCTION("""COMPUTED_VALUE"""),56.9559527) -> 56.955953 | M41: =IFERROR(__xludf.DUMMYFUNCTION("""COMPUTED_VALUE"""),24.1267505) -> 24.12675
A42: =IFERROR(__xludf.DUMMYFUNCTION("""COMPUTED_VALUE"""),"For sale") -> For sale | B42: =IFERROR(__xludf.DUMMYFUNCTION("""COMPUTED_VALUE"""),"Teika") -> Teika | C42: =IFERROR(__xludf.DUMMYFUNCTION("""COMPUTED_VALUE"""),"Brīvības gatve 313") -> Brīvības gatve 313 | D42: =IFERROR(__xludf.DUMMYFUNCTION("""COMPUTED_VALUE"""),3.0) -> 3 | E42: =IFERROR(__xludf.DUMMYFUNCTION("""COMPUTED_VALUE"""),79.0) -> 79 | F42: =IFERROR(__xludf.DUMMYFUNCTION("""COMPUTED_VALUE"""),3.0) -> 3 | G42: =IFERROR(__xludf.DUMMYFUNCTION("""COMPUTED_VALUE"""),5.0) -> 5 | H42: =IFERROR(__xludf.DUMMYFUNCTION("""COMPUTED_VALUE"""),"Specpr.") -> Specpr. | I42: =IFERROR(__xludf.DUMMYFUNCTION("""COMPUTED_VALUE"""),"Brick-Panel") -> Brick-Panel | J42: =IFERROR(__xludf.DUMMYFUNCTION("""COMPUTED_VALUE"""),"All amenities") -> All amenities | K42: =IFERROR(__xludf.DUMMYFUNCTION("""COMPUTED_VALUE"""),85000.0) -> 85000 | L42: =IFERROR(__xludf.DUMMYFUNCTION("""COMPUTED_VALUE"""),56.98279245) -> 56.982792 | M42: =IFERROR(__xludf.DUMMYFUNCTION("""COMPUTED_VALUE"""),24.1963668754421) -> 24.196367
A43: =IFERROR(__xludf.DUMMYFUNCTION("""COMPUTED_VALUE"""),"For sale") -> For sale | B43: =IFERROR(__xludf.DUMMYFUNCTION("""COMPUTED_VALUE"""),"Jugla") -> Jugla | C43: =IFERROR(__xludf.DUMMYFUNCTION("""COMPUTED_VALUE"""),"Murjāņu 38") -> Murjāņu 38 | D43: =IFERROR(__xludf.DUMMYFUNCTION("""COMPUTED_VALUE"""),2.0) -> 2 | E43: =IFERROR(__xludf.DUMMYFUNCTION("""COMPUTED_VALUE"""),45.0) -> 45 | F43: =IFERROR(__xludf.DUMMYFUNCTION("""COMPUTED_VALUE"""),2.0) -> 2 | G43: =IFERROR(__xludf.DUMMYFUNCTION("""COMPUTED_VALUE"""),5.0) -> 5 | H43: =IFERROR(__xludf.DUMMYFUNCTION("""COMPUTED_VALUE"""),"Hrušč.") -> Hrušč. | I43: =IFERROR(__xludf.DUMMYFUNCTION("""COMPUTED_VALUE"""),"Panel") -> Panel | J43: =IFERROR(__xludf.DUMMYFUNCTION("""COMPUTED_VALUE"""),"All amenities") -> All amenities | K43: =IFERROR(__xludf.DUMMYFUNCTION("""COMPUTED_VALUE"""),40000.0) -> 40000 | L43: =IFERROR(__xludf.DUMMYFUNCTION("""COMPUTED_VALUE"""),56.97808055) -> 56.978081 | M43: =IFERROR(__xludf.DUMMYFUNCTION("""COMPUTED_VALUE"""),24.247249) -> 24.247249
A44: =IFERROR(__xludf.DUMMYFUNCTION("""COMPUTED_VALUE"""),"For rent") -> For rent | B44: =IFERROR(__xludf.DUMMYFUNCTION("""COMPUTED_VALUE"""),"centrs") -> centrs | C44: =IFERROR(__xludf.DUMMYFUNCTION("""COMPUTED_VALUE"""),"Republikas laukums 3") -> Republikas laukums 3 | D44: =IFERROR(__xludf.DUMMYFUNCTION("""COMPUTED_VALUE"""),1.0) -> 1 | E44: =IFERROR(__xludf.DUMMYFUNCTION("""COMPUTED_VALUE"""),46.0) -> 46 | F44: =IFERROR(__xludf.DUMMYFUNCTION("""COMPUTED_VALUE"""),4.0) -> 4 | G44: =IFERROR(__xludf.DUMMYFUNCTION("""COMPUTED_VALUE"""),7.0) -> 7 | H44: =IFERROR(__xludf.DUMMYFUNCTION("""COMPUTED_VALUE"""),"Jaun.") -> Jaun. | I44: =IFERROR(__xludf.DUMMYFUNCTION("""COMPUTED_VALUE"""),"Masonry") -> Masonry | J44: =IFERROR(__xludf.DUMMYFUNCTION("""COMPUTED_VALUE"""),"All amenities") -> All amenities | K44: =IFERROR(__xludf.DUMMYFUNCTION("""COMPUTED_VALUE"""),39.0) -> 39 | L44: =IFERROR(__xludf.DUMMYFUNCTION("""COMPUTED_VALUE"""),56.9552522) -> 56.955252 | M44: =IFERROR(__xludf.DUMMYFUNCTION("""COMPUTED_VALUE"""),24.0999991251943) -> 24.099999
A45: =IFERROR(__xludf.DUMMYFUNCTION("""COMPUTED_VALUE"""),"For rent") -> For rent | B45: =IFERROR(__xludf.DUMMYFUNCTION("""COMPUTED_VALUE"""),"Purvciems") -> Purvciems | C45: =IFERROR(__xludf.DUMMYFUNCTION("""COMPUTED_VALUE"""),"Ieriķu 58") -> Ieriķu 58 | D45: =IFERROR(__xludf.DUMMYFUNCTION("""COMPUTED_VALUE"""),1.0) -> 1 | E45: =IFERROR(__xludf.DUMMYFUNCTION("""COMPUTED_VALUE"""),40.0) -> 40 | F45: =IFERROR(__xludf.DUMMYFUNCTION("""COMPUTED_VALUE"""),2.0) -> 2 | G45: =IFERROR(__xludf.DUMMYFUNCTION("""COMPUTED_VALUE"""),5.0) -> 5 | H45: =IFERROR(__xludf.DUMMYFUNCTION("""COMPUTED_VALUE"""),"Specpr.") -> Specpr. | I45: =IFERROR(__xludf.DUMMYFUNCTION("""COMPUTED_VALUE"""),"Brick-Panel") -> Brick-Panel | J45: =IFERROR(__xludf.DUMMYFUNCTION("""COMPUTED_VALUE"""),"All amenities") -> All amenities | K45: =IFERROR(__xludf.DUMMYFUNCTION("""COMPUTED_VALUE"""),235.0) -> 235 | L45: =IFERROR(__xludf.DUMMYFUNCTION("""COMPUTED_VALUE"""),56.9655674) -> 56.965567 | M45: =IFERROR(__xludf.DUMMYFUNCTION("""COMPUTED_VALUE"""),24.1830043136253) -> 24.183004
A46: =IFERROR(__xludf.DUMMYFUNCTION("""COMPUTED_VALUE"""),"For rent") -> For rent | B46: =IFERROR(__xludf.DUMMYFUNCTION("""COMPUTED_VALUE"""),"centrs") -> centrs | C46: =IFERROR(__xludf.DUMMYFUNCTION("""COMPUTED_VALUE"""),"Asara 15") -> Asara 15 | D46: =IFERROR(__xludf.DUMMYFUNCTION("""COMPUTED_VALUE"""),1.0) -> 1 | E46: =IFERROR(__xludf.DUMMYFUNCTION("""COMPUTED_VALUE"""),38.0) -> 38 | F46: =IFERROR(__xludf.DUMMYFUNCTION("""COMPUTED_VALUE"""),5.0) -> 5 | G46: =IFERROR(__xludf.DUMMYFUNCTION("""COMPUTED_VALUE"""),2.0) -> 2 | H46: =IFERROR(__xludf.DUMMYFUNCTION("""COMPUTED_VALUE"""),"Specpr.") -> Specpr. | I46: =IFERROR(__xludf.DUMMYFUNCTION("""COMPUTED_VALUE"""),"Brick") -> Brick | J46: =IFERROR(__xludf.DUMMYFUNCTION("""COMPUTED_VALUE"""),"All amenities") -> All amenities | K46: =IFERROR(__xludf.DUMMYFUNCTION("""COMPUTED_VALUE"""),280.0) -> 280 | L46: =IFERROR(__xludf.DUMMYFUNCTION("""COMPUTED_VALUE"""),56.95636735) -> 56.956367 | M46: =IFERROR(__xludf.DUMMYFUNCTION("""COMPUTED_VALUE"""),24.1556898638912) -> 24.15569
A47: =IFERROR(__xludf.DUMMYFUNCTION("""COMPUTED_VALUE"""),"For rent") -> For rent | B47: =IFERROR(__xludf.DUMMYFUNCTION("""COMPUTED_VALUE"""),"Purvciems") -> Purvciems | C47: =IFERROR(__xludf.DUMMYFUNCTION("""COMPUTED_VALUE"""),"Pūces 19") -> Pūces 19 | D47: =IFERROR(__xludf.DUMMYFUNCTION("""COMPUTED_VALUE"""),2.0) -> 2 | E47: =IFERROR(__xludf.DUMMYFUNCTION("""COMPUTED_VALUE"""),46.0) -> 46 | F47: =IFERROR(__xludf.DUMMYFUNCTION("""COMPUTED_VALUE"""),2.0) -> 2 | G47: =IFERROR(__xludf.DUMMYFUNCTION("""COMPUTED_VALUE"""),5.0) -> 5 | H47: =IFERROR(__xludf.DUMMYFUNCTION("""COMPUTED_VALUE"""),"Jaun.") -> Jaun. | I47: =IFERROR(__xludf.DUMMYFUNCTION("""COMPUTED_VALUE"""),"Panel") -> Panel | J47: =IFERROR(__xludf.DUMMYFUNCTION("""COMPUTED_VALUE"""),"All amenities") -> All amenities | K47: =IFERROR(__xludf.DUMMYFUNCTION("""COMPUTED_VALUE"""),430.0) -> 430 | L47: =IFERROR(__xludf.DUMMYFUNCTION("""COMPUTED_VALUE"""),56.95632235) -> 56.956322 | M47: =IFERROR(__xludf.DUMMYFUNCTION("""COMPUTED_VALUE"""),24.1859785589656) -> 24.185979
A48: =IFERROR(__xludf.DUMMYFUNCTION("""COMPUTED_VALUE"""),"For rent") -> For rent | B48: =IFERROR(__xludf.DUMMYFUNCTION("""COMPUTED_VALUE"""),"Krasta r-ns") -> Krasta r-ns | C48: =IFERROR(__xludf.DUMMYFUNCTION("""COMPUTED_VALUE"""),"Lubānas 56") -> Lubānas 56 | D48: =IFERROR(__xludf.DUMMYFUNCTION("""COMPUTED_VALUE"""),1.0) -> 1 | E48: =IFERROR(__xludf.DUMMYFUNCTION("""COMPUTED_VALUE"""),36.0) -> 36 | F48: =IFERROR(__xludf.DUMMYFUNCTION("""COMPUTED_VALUE"""),6.0) -> 6 | G48: =IFERROR(__xludf.DUMMYFUNCTION("""COMPUTED_VALUE"""),9.0) -> 9 | H48: =IFERROR(__xludf.DUMMYFUNCTION("""COMPUTED_VALUE"""),602.0) -> 602 | I48: =IFERROR(__xludf.DUMMYFUNCTION("""COMPUTED_VALUE"""),"Panel") -> Panel | J48: =IFERROR(__xludf.DUMMYFUNCTION("""COMPUTED_VALUE"""),"All amenities") -> All amenities | K48: =IFERROR(__xludf.DUMMYFUNCTION("""COMPUTED_VALUE"""),290.0) -> 290 | L48: =IFERROR(__xludf.DUMMYFUNCTION("""COMPUTED_VALUE"""),56.93144315) -> 56.931443 | M48: =IFERROR(__xludf.DUMMYFUNCTION("""COMPUTED_VALUE"""),24.1757569002296) -> 24.175757
A49: =IFERROR(__xludf.DUMMYFUNCTION("""COMPUTED_VALUE"""),"For rent") -> For rent | B49: =IFERROR(__xludf.DUMMYFUNCTION("""COMPUTED_VALUE"""),"Mangaļi") -> Mangaļi | C49: =IFERROR(__xludf.DUMMYFUNCTION("""COMPUTED_VALUE"""),"Ezera 6") -> Ezera 6 | D49: =IFERROR(__xludf.DUMMYFUNCTION("""COMPUTED_VALUE"""),2.0) -> 2 | E49: =IFERROR(__xludf.DUMMYFUNCTION("""COMPUTED_VALUE"""),40.0) -> 40 | F49: =IFERROR(__xludf.DUMMYFUNCTION("""COMPUTED_VALUE"""),1.0) -> 1 | G49: =IFERROR(__xludf.DUMMYFUNCTION("""COMPUTED_VALUE"""),2.0) -> 2 | H49: =IFERROR(__xludf.DUMMYFUNCTION("""COMPUTED_VALUE"""),"Renov.") -> Renov. | I49: =IFERROR(__xludf.DUMMYFUNCTION("""COMPUTED_VALUE"""),"Wood") -> Wood | J49: =IFERROR(__xludf.DUMMYFUNCTION("""COMPUTED_VALUE"""),"All amenities") -> All amenities | K49: =IFERROR(__xludf.DUMMYFUNCTION("""COMPUTED_VALUE"""),220.0) -> 220 | L49: =IFERROR(__xludf.DUMMYFUNCTION("""COMPUTED_VALUE"""),57.0196416) -> 57.019642 | M49: =IFERROR(__xludf.DUMMYFUNCTION("""COMPUTED_VALUE"""),24.1269940321731) -> 24.126994
A50: =IFERROR(__xludf.DUMMYFUNCTION("""COMPUTED_VALUE"""),"For rent") -> For rent | B50: =IFERROR(__xludf.DUMMYFUNCTION("""COMPUTED_VALUE"""),"Jugla") -> Jugla | C50: =IFERROR(__xludf.DUMMYFUNCTION("""COMPUTED_VALUE"""),"Baltezera 1") -> Baltezera 1 | D50: =IFERROR(__xludf.DUMMYFUNCTION("""COMPUTED_VALUE"""),2.0) -> 2 | E50: =IFERROR(__xludf.DUMMYFUNCTION("""COMPUTED_VALUE"""),49.0) -> 49 | F50: =IFERROR(__xludf.DUMMYFUNCTION("""COMPUTED_VALUE"""),2.0) -> 2 | G50: =IFERROR(__xludf.DUMMYFUNCTION("""COMPUTED_VALUE"""),5.0) -> 5 | H50: =IFERROR(__xludf.DUMMYFUNCTION("""COMPUTED_VALUE"""),"LT proj.") -> LT proj. | I50: =IFERROR(__xludf.DUMMYFUNCTION("""COMPUTED_VALUE"""),"Brick-Panel") -> Brick-Panel | J50: =IFERROR(__xludf.DUMMYFUNCTION("""COMPUTED_VALUE"""),"All amenities") -> All amenities | K50: =IFERROR(__xludf.DUMMYFUNCTION("""COMPUTED_VALUE"""),300.0) -> 300 | L50: =IFERROR(__xludf.DUMMYFUNCTION("""COMPUTED_VALUE"""),56.9927002999999) -> 56.9927 | M50: =IFERROR(__xludf.DUMMYFUNCTION("""COMPUTED_VALUE"""),24.2400597) -> 24.24006
A51: =IFERROR(__xludf.DUMMYFUNCTION("""COMPUTED_VALUE"""),"For rent") -> For rent | B51: =IFERROR(__xludf.DUMMYFUNCTION("""COMPUTED_VALUE"""),"centrs") -> centrs | C51: =IFERROR(__xludf.DUMMYFUNCTION("""COMPUTED_VALUE"""),"Asara 12") -> Asara 12 | D51: =IFERROR(__xludf.DUMMYFUNCTION("""COMPUTED_VALUE"""),3.0) -> 3 | E51: =IFERROR(__xludf.DUMMYFUNCTION("""COMPUTED_VALUE"""),50.0) -> 50 | F51: =IFERROR(__xludf.DUMMYFUNCTION("""COMPUTED_VALUE"""),4.0) -> 4 | G51: =IFERROR(__xludf.DUMMYFUNCTION("""COMPUTED_VALUE"""),5.0) -> 5 | H51: =IFERROR(__xludf.DUMMYFUNCTION("""COMPUTED_VALUE"""),"Renov.") -> Renov. | I51: =IFERROR(__xludf.DUMMYFUNCTION("""COMPUTED_VALUE"""),"Masonry") -> Masonry | J51: =IFERROR(__xludf.DUMMYFUNCTION("""COMPUTED_VALUE"""),"All amenities") -> All amenities | K51: =IFERROR(__xludf.DUMMYFUNCTION("""COMPUTED_VALUE"""),450.0) -> 450 | L51: =IFERROR(__xludf.DUMMYFUNCTION("""COMPUTED_VALUE"""),56.9553833) -> 56.955383 | M51: =IFERROR(__xludf.DUMMYFUNCTION("""COMPUTED_VALUE"""),24.1488881) -> 24.148888
A52: =IFERROR(__xludf.DUMMYFUNCTION("""COMPUTED_VALUE"""),"For rent") -> For rent | B52: =IFERROR(__xludf.DUMMYFUNCTION("""COMPUTED_VALUE"""),"Klīversala") -> Klīversala | C52: =IFERROR(__xludf.DUMMYFUNCTION("""COMPUTED_VALUE"""),"Klīveru 1") -> Klīveru 1 | D52: =IFERROR(__xludf.DUMMYFUNCTION("""COMPUTED_VALUE"""),1.0) -> 1 | E52: =IFERROR(__xludf.DUMMYFUNCTION("""COMPUTED_VALUE"""),26.0) -> 26 | F52: =IFERROR(__xludf.DUMMYFUNCTION("""COMPUTED_VALUE"""),4.0) -> 4 | G52: =IFERROR(__xludf.DUMMYFUNCTION("""COMPUTED_VALUE"""),4.0) -> 4 | H52: =IFERROR(__xludf.DUMMYFUNCTION("""COMPUTED_VALUE"""),"P. kara") -> P. kara | I52: =IFERROR(__xludf.DUMMYFUNCTION("""COMPUTED_VALUE"""),"Masonry") -> Masonry | J52: =IFERROR(__xludf.DUMMYFUNCTION("""COMPUTED_VALUE"""),"All amenities") -> All amenities | K52: =IFERROR(__xludf.DUMMYFUNCTION("""COMPUTED_VALUE"""),245.0) -> 245 | L52: =IFERROR(__xludf.DUMMYFUNCTION("""COMPUTED_VALUE"""),56.94306285) -> 56.943063 | M52: =IFERROR(__xludf.DUMMYFUNCTION("""COMPUTED_VALUE"""),24.0912771146169) -> 24.091277
A53: =IFERROR(__xludf.DUMMYFUNCTION("""COMPUTED_VALUE"""),"For sale") -> For sale | B53: =IFERROR(__xludf.DUMMYFUNCTION("""COMPUTED_VALUE"""),"centrs") -> centrs | C53: =IFERROR(__xludf.DUMMYFUNCTION("""COMPUTED_VALUE"""),"Tērbatas 65") -> Tērbatas 65 | D53: =IFERROR(__xludf.DUMMYFUNCTION("""COMPUTED_VALUE"""),3.0) -> 3 | E53: =IFERROR(__xludf.DUMMYFUNCTION("""COMPUTED_VALUE"""),91.0) -> 91 | F53: =IFERROR(__xludf.DUMMYFUNCTION("""COMPUTED_VALUE"""),4.0) -> 4 | G53: =IFERROR(__xludf.DUMMYFUNCTION("""COMPUTED_VALUE"""),6.0) -> 6 | H53: =IFERROR(__xludf.DUMMYFUNCTION("""COMPUTED_VALUE"""),"P. kara") -> P. kara | I53: =IFERROR(__xludf.DUMMYFUNCTION("""COMPUTED_VALUE"""),"Masonry") -> Masonry | J53: =IFERROR(__xludf.DUMMYFUNCTION("""COMPUTED_VALUE"""),"All amenities") -> All amenities | K53: =IFERROR(__xludf.DUMMYFUNCTION("""COMPUTED_VALUE"""),150000.0) -> 150000 | L53: =IFERROR(__xludf.DUMMYFUNCTION("""COMPUTED_VALUE"""),56.9581924) -> 56.958192 | M53: =IFERROR(__xludf.DUMMYFUNCTION("""COMPUTED_VALUE"""),24.1306619) -> 24.130662
A54: =IFERROR(__xludf.DUMMYFUNCTION("""COMPUTED_VALUE"""),"For sale") -> For sale | B54: =IFERROR(__xludf.DUMMYFUNCTION("""COMPUTED_VALUE"""),"centrs") -> centrs | C54: =IFERROR(__xludf.DUMMYFUNCTION("""COMPUTED_VALUE"""),"Artilērijas 1") -> Artilērijas 1 | D54: =IFERROR(__xludf.DUMMYFUNCTION("""COMPUTED_VALUE"""),3.0) -> 3 | E54: =IFERROR(__xludf.DUMMYFUNCTION("""COMPUTED_VALUE"""),96.0) -> 96 | F54: =IFERROR(__xludf.DUMMYFUNCTION("""COMPUTED_VALUE"""),3.0) -> 3 | G54: =IFERROR(__xludf.DUMMYFUNCTION("""COMPUTED_VALUE"""),6.0) -> 6 | H54: =IFERROR(__xludf.DUMMYFUNCTION("""COMPUTED_VALUE"""),"P. kara") -> P. kara | I54: =IFERROR(__xludf.DUMMYFUNCTION("""COMPUTED_VALUE"""),"Masonry") -> Masonry | J54: =IFERROR(__xludf.DUMMYFUNCTION("""COMPUTED_VALUE"""),"All amenities") -> All amenities | K54: =IFERROR(__xludf.DUMMYFUNCTION("""COMPUTED_VALUE"""),100000.0) -> 100000 | L54: =IFERROR(__xludf.DUMMYFUNCTION("""COMPUTED_VALUE"""),56.9579533) -> 56.957953 | M54: =IFERROR(__xludf.DUMMYFUNCTION("""COMPUTED_VALUE"""),24.1425116) -> 24.142512
A55: =IFERROR(__xludf.DUMMYFUNCTION("""COMPUTED_VALUE"""),"For rent") -> For rent | B55: =IFERROR(__xludf.DUMMYFUNCTION("""COMPUTED_VALUE"""),"Vecmīlgrāvis") -> Vecmīlgrāvis | C55: =IFERROR(__xludf.DUMMYFUNCTION("""COMPUTED_VALUE"""),"Rīnūžu 11") -> Rīnūžu 11 | D55: =IFERROR(__xludf.DUMMYFUNCTION("""COMPUTED_VALUE"""),2.0) -> 2 | E55: =IFERROR(__xludf.DUMMYFUNCTION("""COMPUTED_VALUE"""),53.0) -> 53 | F55: =IFERROR(__xludf.DUMMYFUNCTION("""COMPUTED_VALUE"""),5.0) -> 5 | G55: =IFERROR(__xludf.DUMMYFUNCTION("""COMPUTED_VALUE"""),5.0) -> 5 | H55: =IFERROR(__xludf.DUMMYFUNCTION("""COMPUTED_VALUE"""),103.0) -> 103 | I55: =IFERROR(__xludf.DUMMYFUNCTION("""COMPUTED_VALUE"""),"Brick-Panel") -> Brick-Panel | J55: =IFERROR(__xludf.DUMMYFUNCTION("""COMPUTED_VALUE"""),"All amenities") -> All amenities | K55: =IFERROR(__xludf.DUMMYFUNCTION("""COMPUTED_VALUE"""),270.0) -> 270 | L55: =IFERROR(__xludf.DUMMYFUNCTION("""COMPUTED_VALUE"""),57.0378821) -> 57.037882 | M55: =IFERROR(__xludf.DUMMYFUNCTION("""COMPUTED_VALUE"""),24.0896779592055) -> 24.089678
A56: =IFERROR(__xludf.DUMMYFUNCTION("""COMPUTED_VALUE"""),"For sale") -> For sale | B56: =IFERROR(__xludf.DUMMYFUNCTION("""COMPUTED_VALUE"""),"Āgenskalns") -> Āgenskalns | C56: =IFERROR(__xludf.DUMMYFUNCTION("""COMPUTED_VALUE"""),"Kalnciema 106a") -> Kalnciema 106a | D56: =IFERROR(__xludf.DUMMYFUNCTION("""COMPUTED_VALUE"""),2.0) -> 2 | E56: =IFERROR(__xludf.DUMMYFUNCTION("""COMPUTED_VALUE"""),68.0) -> 68 | F56: =IFERROR(__xludf.DUMMYFUNCTION("""COMPUTED_VALUE"""),2.0) -> 2 | G56: =IFERROR(__xludf.DUMMYFUNCTION("""COMPUTED_VALUE"""),4.0) -> 4 | H56: =IFERROR(__xludf.DUMMYFUNCTION("""COMPUTED_VALUE"""),"Jaun.") -> Jaun. | I56: =IFERROR(__xludf.DUMMYFUNCTION("""COMPUTED_VALUE"""),"Masonry") -> Masonry | J56: =IFERROR(__xludf.DUMMYFUNCTION("""COMPUTED_VALUE"""),"All amenities") -> All amenities | K56: =IFERROR(__xludf.DUMMYFUNCTION("""COMPUTED_VALUE"""),105000.0) -> 105000 | L56: =IFERROR(__xludf.DUMMYFUNCTION("""COMPUTED_VALUE"""),56.93662655) -> 56.936627 | M56: =IFERROR(__xludf.DUMMYFUNCTION("""COMPUTED_VALUE"""),24.0433356532986) -> 24.043336
A57: =IFERROR(__xludf.DUMMYFUNCTION("""COMPUTED_VALUE"""),"For sale") -> For sale | B57: =IFERROR(__xludf.DUMMYFUNCTION("""COMPUTED_VALUE"""),"Zasulauks") -> Zasulauks | C57: =IFERROR(__xludf.DUMMYFUNCTION("""COMPUTED_VALUE"""),"Kalnciema 106a") -> Kalnciema 106a | D57: =IFERROR(__xludf.DUMMYFUNCTION("""COMPUTED_VALUE"""),2.0) -> 2 | E57: =IFERROR(__xludf.DUMMYFUNCTION("""COMPUTED_VALUE"""),68.0) -> 68 | F57: =IFERROR(__xludf.DUMMYFUNCTION("""COMPUTED_VALUE"""),2.0) -> 2 | G57: =IFERROR(__xludf.DUMMYFUNCTION("""COMPUTED_VALUE"""),4.0) -> 4 | H57: =IFERROR(__xludf.DUMMYFUNCTION("""COMPUTED_VALUE"""),"Jaun.") -> Jaun. | I57: =IFERROR(__xludf.DUMMYFUNCTION("""COMPUTED_VALUE"""),"Masonry") -> Masonry | J57: =IFERROR(__xludf.DUMMYFUNCTION("""COMPUTED_VALUE"""),"All amenities") -> All amenities | K57: =IFERROR(__xludf.DUMMYFUNCTION("""COMPUTED_VALUE"""),105000.0) -> 105000 | L57: =IFERROR(__xludf.DUMMYFUNCTION("""COMPUTED_VALUE"""),56.93662655) -> 56.936627 | M57: =IFERROR(__xludf.DUMMYFUNCTION("""COMPUTED_VALUE"""),24.0433356532986) -> 24.043336
A58: =IFERROR(__xludf.DUMMYFUNCTION("""COMPUTED_VALUE"""),"For rent") -> For rent | B58: =IFERROR(__xludf.DUMMYFUNCTION("""COMPUTED_VALUE"""),"Pļavnieki") -> Pļavnieki | C58: =IFERROR(__xludf.DUMMYFUNCTION("""COMPUTED_VALUE"""),"Jasmuižas 15") -> Jasmuižas 15 | D58: =IFERROR(__xludf.DUMMYFUNCTION("""COMPUTED_VALUE"""),1.0) -> 1 | E58: =IFERROR(__xludf.DUMMYFUNCTION("""COMPUTED_VALUE"""),32.0) -> 32 | F58: =IFERROR(__xludf.DUMMYFUNCTION("""COMPUTED_VALUE"""),2.0) -> 2 | G58: =IFERROR(__xludf.DUMMYFUNCTION("""COMPUTED_VALUE"""),9.0) -> 9 | H58: =IFERROR(__xludf.DUMMYFUNCTION("""COMPUTED_VALUE"""),602.0) -> 602 | I58: =IFERROR(__xludf.DUMMYFUNCTION("""COMPUTED_VALUE"""),"Panel") -> Panel | J58: =IFERROR(__xludf.DUMMYFUNCTION("""COMPUTED_VALUE"""),"All amenities") -> All amenities | K58: =IFERROR(__xludf.DUMMYFUNCTION("""COMPUTED_VALUE"""),220.0) -> 220 | L58: =IFERROR(__xludf.DUMMYFUNCTION("""COMPUTED_VALUE"""),56.93685365) -> 56.936854 | M58: =IFERROR(__xludf.DUMMYFUNCTION("""COMPUTED_VALUE"""),24.213177111898) -> 24.213177
A59: =IFERROR(__xludf.DUMMYFUNCTION("""COMPUTED_VALUE"""),"For sale") -> For sale | B59: =IFERROR(__xludf.DUMMYFUNCTION("""COMPUTED_VALUE"""),"Pļavnieki") -> Pļavnieki | C59: =IFERROR(__xludf.DUMMYFUNCTION("""COMPUTED_VALUE"""),"Salnas 22") -> Salnas 22 | D59: =IFERROR(__xludf.DUMMYFUNCTION("""COMPUTED_VALUE"""),1.0) -> 1 | E59: =IFERROR(__xludf.DUMMYFUNCTION("""COMPUTED_VALUE"""),40.0) -> 40 | F59: =IFERROR(__xludf.DUMMYFUNCTION("""COMPUTED_VALUE"""),4.0) -> 4 | G59: =IFERROR(__xludf.DUMMYFUNCTION("""COMPUTED_VALUE"""),5.0) -> 5 | H59: =IFERROR(__xludf.DUMMYFUNCTION("""COMPUTED_VALUE"""),"M. ģim.") -> M. ģim. | I59: =IFERROR(__xludf.DUMMYFUNCTION("""COMPUTED_VALUE"""),"Panel") -> Panel | J59: =IFERROR(__xludf.DUMMYFUNCTION("""COMPUTED_VALUE"""),"All amenities") -> All amenities | K59: =IFERROR(__xludf.DUMMYFUNCTION("""COMPUTED_VALUE"""),33000.0) -> 33000 | L59: =IFERROR(__xludf.DUMMYFUNCTION("""COMPUTED_VALUE"""),56.94177625) -> 56.941776 | M59: =IFERROR(__xludf.DUMMYFUNCTION("""COMPUTED_VALUE"""),24.2254638) -> 24.225464
A60: =IFERROR(__xludf.DUMMYFUNCTION("""COMPUTED_VALUE"""),"For sale") -> For sale | B60: =IFERROR(__xludf.DUMMYFUNCTION("""COMPUTED_VALUE"""),"Mežaparks") -> Mežaparks | C60: =IFERROR(__xludf.DUMMYFUNCTION("""COMPUTED_VALUE"""),"Viestura pr. 47") -> Viestura pr. 47 | D60: =IFERROR(__xludf.DUMMYFUNCTION("""COMPUTED_VALUE"""),1.0) -> 1 | E60: =IFERROR(__xludf.DUMMYFUNCTION("""COMPUTED_VALUE"""),27.0) -> 27 | F60: =IFERROR(__xludf.DUMMYFUNCTION("""COMPUTED_VALUE"""),7.0) -> 7 | G60: =IFERROR(__xludf.DUMMYFUNCTION("""COMPUTED_VALUE"""),9.0) -> 9 | H60: =IFERROR(__xludf.DUMMYFUNCTION("""COMPUTED_VALUE"""),"Specpr.") -> Specpr. | I60: =IFERROR(__xludf.DUMMYFUNCTION("""COMPUTED_VALUE"""),"Brick") -> Brick | J60: =IFERROR(__xludf.DUMMYFUNCTION("""COMPUTED_VALUE"""),"All amenities") -> All amenities | K60: =IFERROR(__xludf.DUMMYFUNCTION("""COMPUTED_VALUE"""),27500.0) -> 27500 | L60: =IFERROR(__xludf.DUMMYFUNCTION("""COMPUTED_VALUE"""),"NaN") -> NaN | M60: =IFERROR(__xludf.DUMMYFUNCTION("""COMPUTED_VALUE"""),"NaN") -> NaN
A61: =IFERROR(__xludf.DUMMYFUNCTION("""COMPUTED_VALUE"""),"For sale") -> For sale | B61: =IFERROR(__xludf.DUMMYFUNCTION("""COMPUTED_VALUE"""),"centrs") -> centrs | C61: =IFERROR(__xludf.DUMMYFUNCTION("""COMPUTED_VALUE"""),"Bruņinieku 147") -> Bruņinieku 147 | D61: =IFERROR(__xludf.DUMMYFUNCTION("""COMPUTED_VALUE"""),5.0) -> 5 | E61: =IFERROR(__xludf.DUMMYFUNCTION("""COMPUTED_VALUE"""),83.0) -> 83 | F61: =IFERROR(__xludf.DUMMYFUNCTION("""COMPUTED_VALUE"""),1.0) -> 1 | G61: =IFERROR(__xludf.DUMMYFUNCTION("""COMPUTED_VALUE"""),2.0) -> 2 | H61: =IFERROR(__xludf.DUMMYFUNCTION("""COMPUTED_VALUE"""),"P. kara") -> P. kara | I61: =IFERROR(__xludf.DUMMYFUNCTION("""COMPUTED_VALUE"""),"Wood") -> Wood | J61: =IFERROR(__xludf.DUMMYFUNCTION("""COMPUTED_VALUE"""),"Partial amenities") -> Partial amenities | K61: =IFERROR(__xludf.DUMMYFUNCTION("""COMPUTED_VALUE"""),27890.0) -> 27890 | L61: =IFERROR(__xludf.DUMMYFUNCTION("""COMPUTED_VALUE"""),56.9599542) -> 56.959954 | M61: =IFERROR(__xludf.DUMMYFUNCTION("""COMPUTED_VALUE"""),24.1248268) -> 24.124827
A62: =IFERROR(__xludf.DUMMYFUNCTION("""COMPUTED_VALUE"""),"For sale") -> For sale | B62: =IFERROR(__xludf.DUMMYFUNCTION("""COMPUTED_VALUE"""),"Āgenskalns") -> Āgenskalns | C62: =IFERROR(__xludf.DUMMYFUNCTION("""COMPUTED_VALUE"""),"Kuldīgas 10") -> Kuldīgas 10 | D62: =IFERROR(__xludf.DUMMYFUNCTION("""COMPUTED_VALUE"""),1.0) -> 1 | E62: =IFERROR(__xludf.DUMMYFUNCTION("""COMPUTED_VALUE"""),17.5) -> 17.5 | F62: =IFERROR(__xludf.DUMMYFUNCTION("""COMPUTED_VALUE"""),1.0) -> 1 | G62: =IFERROR(__xludf.DUMMYFUNCTION("""COMPUTED_VALUE"""),2.0) -> 2 | H62: =IFERROR(__xludf.DUMMYFUNCTION("""COMPUTED_VALUE"""),"P. kara") -> P. kara | I62: =IFERROR(__xludf.DUMMYFUNCTION("""COMPUTED_VALUE"""),"Wood") -> Wood | J62: =IFERROR(__xludf.DUMMYFUNCTION("""COMPUTED_VALUE"""),"Partial amenities") -> Partial amenities | K62: =IFERROR(__xludf.DUMMYFUNCTION("""COMPUTED_VALUE"""),9890.0) -> 9890 | L62: =IFERROR(__xludf.DUMMYFUNCTION("""COMPUTED_VALUE"""),56.9517628) -> 56.951763 | M62: =IFERROR(__xludf.DUMMYFUNCTION("""COMPUTED_VALUE"""),24.0673487092408) -> 24.067349
A63: =IFERROR(__xludf.DUMMYFUNCTION("""COMPUTED_VALUE"""),"For sale") -> For sale | B63: =IFERROR(__xludf.DUMMYFUNCTION("""COMPUTED_VALUE"""),"Jugla") -> Jugla | C63: =IFERROR(__xludf.DUMMYFUNCTION("""COMPUTED_VALUE"""),"Kvēles 27") -> Kvēles 27 | D63: =IFERROR(__xludf.DUMMYFUNCTION("""COMPUTED_VALUE"""),2.0) -> 2 | E63: =IFERROR(__xludf.DUMMYFUNCTION("""COMPUTED_VALUE"""),45.0) -> 45 | F63: =IFERROR(__xludf.DUMMYFUNCTION("""COMPUTED_VALUE"""),1.0) -> 1 | G63: =IFERROR(__xludf.DUMMYFUNCTION("""COMPUTED_VALUE"""),5.0) -> 5 | H63: =IFERROR(__xludf.DUMMYFUNCTION("""COMPUTED_VALUE"""),"LT proj.") -> LT proj. | I63: =IFERROR(__xludf.DUMMYFUNCTION("""COMPUTED_VALUE"""),"Panel") -> Panel | J63: =IFERROR(__xludf.DUMMYFUNCTION("""COMPUTED_VALUE"""),"All amenities") -> All amenities | K63: =IFERROR(__xludf.DUMMYFUNCTION("""COMPUTED_VALUE"""),41000.0) -> 41000 | L63: =IFERROR(__xludf.DUMMYFUNCTION("""COMPUTED_VALUE"""),56.9820393) -> 56.982039 | M63: =IFERROR(__xludf.DUMMYFUNCTION("""COMPUTED_VALUE"""),24.2460206930134) -> 24.246021
A64: =IFERROR(__xludf.DUMMYFUNCTION("""COMPUTED_VALUE"""),"For rent") -> For rent | B64: =IFERROR(__xludf.DUMMYFUNCTION("""COMPUTED_VALUE"""),"centrs") -> centrs | C64: =IFERROR(__xludf.DUMMYFUNCTION("""COMPUTED_VALUE"""),"Pērnavas 10") -> Pērnavas 10 | D64: =IFERROR(__xludf.DUMMYFUNCTION("""COMPUTED_VALUE"""),1.0) -> 1 | E64: =IFERROR(__xludf.DUMMYFUNCTION("""COMPUTED_VALUE"""),32.0) -> 32 | F64: =IFERROR(__xludf.DUMMYFUNCTION("""COMPUTED_VALUE"""),5.0) -> 5 | G64: =IFERROR(__xludf.DUMMYFUNCTION("""COMPUTED_VALUE"""),5.0) -> 5 | H64: =IFERROR(__xludf.DUMMYFUNCTION("""COMPUTED_VALUE"""),"Hrušč.") -> Hrušč. | I64: =IFERROR(__xludf.DUMMYFUNCTION("""COMPUTED_VALUE"""),"Brick") -> Brick | J64: =IFERROR(__xludf.DUMMYFUNCTION("""COMPUTED_VALUE"""),"All amenities") -> All amenities | K64: =IFERROR(__xludf.DUMMYFUNCTION("""COMPUTED_VALUE"""),255.0) -> 255 | L64: =IFERROR(__xludf.DUMMYFUNCTION("""COMPUTED_VALUE"""),56.9647239) -> 56.964724 | M64: =IFERROR(__xludf.DUMMYFUNCTION("""COMPUTED_VALUE"""),24.1477109) -> 24.147711
A65: =IFERROR(__xludf.DUMMYFUNCTION("""COMPUTED_VALUE"""),"For rent") -> For rent | B65: =IFERROR(__xludf.DUMMYFUNCTION("""COMPUTED_VALUE"""),"Purvciems") -> Purvciems | C65: =IFERROR(__xludf.DUMMYFUNCTION("""COMPUTED_VALUE"""),"Sesku 26") -> Sesku 26 | D65: =IFERROR(__xludf.DUMMYFUNCTION("""COMPUTED_VALUE"""),1.0) -> 1 | E65: =IFERROR(__xludf.DUMMYFUNCTION("""COMPUTED_VALUE"""),42.0) -> 42 | F65: =IFERROR(__xludf.DUMMYFUNCTION("""COMPUTED_VALUE"""),3.0) -> 3 | G65: =IFERROR(__xludf.DUMMYFUNCTION("""COMPUTED_VALUE"""),5.0) -> 5 | H65: =IFERROR(__xludf.DUMMYFUNCTION("""COMPUTED_VALUE"""),"M. ģim.") -> M. ģim. | I65: =IFERROR(__xludf.DUMMYFUNCTION("""COMPUTED_VALUE"""),"Brick-Panel") -> Brick-Panel | J65: =IFERROR(__xludf.DUMMYFUNCTION("""COMPUTED_VALUE"""),"All amenities") -> All amenities | K65: =IFERROR(__xludf.DUMMYFUNCTION("""COMPUTED_VALUE"""),270.0) -> 270 | L65: =IFERROR(__xludf.DUMMYFUNCTION("""COMPUTED_VALUE"""),56.9449076) -> 56.944908 | M65: =IFERROR(__xludf.DUMMYFUNCTION("""COMPUTED_VALUE"""),24.178029437892) -> 24.178029
A66: =IFERROR(__xludf.DUMMYFUNCTION("""COMPUTED_VALUE"""),"For sale") -> For sale | B66: =IFERROR(__xludf.DUMMYFUNCTION("""COMPUTED_VALUE"""),"Imanta") -> Imanta | C66: =IFERROR(__xludf.DUMMYFUNCTION("""COMPUTED_VALUE"""),"Kurzemes pr. 102") -> Kurzemes pr. 102 | D66: =IFERROR(__xludf.DUMMYFUNCTION("""COMPUTED_VALUE"""),2.0) -> 2 | E66: =IFERROR(__xludf.DUMMYFUNCTION("""COMPUTED_VALUE"""),48.0) -> 48 | F66: =IFERROR(__xludf.DUMMYFUNCTION("""COMPUTED_VALUE"""),1.0) -> 1 | G66: =IFERROR(__xludf.DUMMYFUNCTION("""COMPUTED_VALUE"""),5.0) -> 5 | H66: =IFERROR(__xludf.DUMMYFUNCTION("""COMPUTED_VALUE"""),"LT proj.") -> LT proj. | I66: =IFERROR(__xludf.DUMMYFUNCTION("""COMPUTED_VALUE"""),"Panel") -> Panel | J66: =IFERROR(__xludf.DUMMYFUNCTION("""COMPUTED_VALUE"""),"All amenities") -> All amenities | K66: =IFERROR(__xludf.DUMMYFUNCTION("""COMPUTED_VALUE"""),44000.0) -> 44000 | L66: =IFERROR(__xludf.DUMMYFUNCTION("""COMPUTED_VALUE"""),"NaN") -> NaN | M66: =IFERROR(__xludf.DUMMYFUNCTION("""COMPUTED_VALUE"""),"NaN") -> NaN
A67: =IFERROR(__xludf.DUMMYFUNCTION("""COMPUTED_VALUE"""),"For sale") -> For sale | B67: =IFERROR(__xludf.DUMMYFUNCTION("""COMPUTED_VALUE"""),"Čiekurkalns") -> Čiekurkalns | C67: =IFERROR(__xludf.DUMMYFUNCTION("""COMPUTED_VALUE"""),"Čiekurkalna 2. l. 28") -> Čiekurkalna 2. l. 28 | D67: =IFERROR(__xludf.DUMMYFUNCTION("""COMPUTED_VALUE"""),1.0) -> 1 | E67: =IFERROR(__xludf.DUMMYFUNCTION("""COMPUTED_VALUE"""),24.0) -> 24 | F67: =IFERROR(__xludf.DUMMYFUNCTION("""COMPUTED_VALUE"""),2.0) -> 2 | G67: =IFERROR(__xludf.DUMMYFUNCTION("""COMPUTED_VALUE"""),2.0) -> 2 | H67: =IFERROR(__xludf.DUMMYFUNCTION("""COMPUTED_VALUE"""),"P. kara") -> P. kara | I67: =IFERROR(__xludf.DUMMYFUNCTION("""COMPUTED_VALUE"""),"Wood") -> Wood | J67: =IFERROR(__xludf.DUMMYFUNCTION("""COMPUTED_VALUE"""),"Partial amenities") -> Partial amenities | K67: =IFERROR(__xludf.DUMMYFUNCTION("""COMPUTED_VALUE"""),6790.0) -> 6790 | L67: =IFERROR(__xludf.DUMMYFUNCTION("""COMPUTED_VALUE"""),"NaN") -> NaN | M67: =IFERROR(__xludf.DUMMYFUNCTION("""COMPUTED_VALUE"""),"NaN") -> NaN
A68: =IFERROR(__xludf.DUMMYFUNCTION("""COMPUTED_VALUE"""),"For sale") -> For sale | B68: =IFERROR(__xludf.DUMMYFUNCTION("""COMPUTED_VALUE"""),"Ziepniekkalns") -> Ziepniekkalns | C68: =IFERROR(__xludf.DUMMYFUNCTION("""COMPUTED_VALUE"""),"Valdeķu 53") -> Valdeķu 53 | D68: =IFERROR(__xludf.DUMMYFUNCTION("""COMPUTED_VALUE"""),3.0) -> 3 | E68: =IFERROR(__xludf.DUMMYFUNCTION("""COMPUTED_VALUE"""),75.0) -> 75 | F68: =IFERROR(__xludf.DUMMYFUNCTION("""COMPUTED_VALUE"""),9.0) -> 9 | G68: =IFERROR(__xludf.DUMMYFUNCTION("""COMPUTED_VALUE"""),10.0) -> 10 | H68: =IFERROR(__xludf.DUMMYFUNCTION("""COMPUTED_VALUE"""),119.0) -> 119 | I68: =IFERROR(__xludf.DUMMYFUNCTION("""COMPUTED_VALUE"""),"Panel") -> Panel | J68: =IFERROR(__xludf.DUMMYFUNCTION("""COMPUTED_VALUE"""),"All amenities") -> All amenities | K68: =IFERROR(__xludf.DUMMYFUNCTION("""COMPUTED_VALUE"""),72000.0) -> 72000 | L68: =IFERROR(__xludf.DUMMYFUNCTION("""COMPUTED_VALUE"""),56.90154795) -> 56.901548 | M68: =IFERROR(__xludf.DUMMYFUNCTION("""COMPUTED_VALUE"""),24.0924674073424) -> 24.092467
A69: =IFERROR(__xludf.DUMMYFUNCTION("""COMPUTED_VALUE"""),"For rent") -> For rent | B69: =IFERROR(__xludf.DUMMYFUNCTION("""COMPUTED_VALUE"""),"Ziepniekkalns") -> Ziepniekkalns | C69: =IFERROR(__xludf.DUMMYFUNCTION("""COMPUTED_VALUE"""),"Ozolciema 18") -> Ozolciema 18 | D69: =IFERROR(__xludf.DUMMYFUNCTION("""COMPUTED_VALUE"""),1.0) -> 1 | E69: =IFERROR(__xludf.DUMMYFUNCTION("""COMPUTED_VALUE"""),50.0) -> 50 | F69: =IFERROR(__xludf.DUMMYFUNCTION("""COMPUTED_VALUE"""),3.0) -> 3 | G69: =IFERROR(__xludf.DUMMYFUNCTION("""COMPUTED_VALUE"""),9.0) -> 9 | H69: =IFERROR(__xludf.DUMMYFUNCTION("""COMPUTED_VALUE"""),119.0) -> 119 | I69: =IFERROR(__xludf.DUMMYFUNCTION("""COMPUTED_VALUE"""),"Panel") -> Panel | J69: =IFERROR(__xludf.DUMMYFUNCTION("""COMPUTED_VALUE"""),"All amenities") -> All amenities | K69: =IFERROR(__xludf.DUMMYFUNCTION("""COMPUTED_VALUE"""),29.0) -> 29 | L69: =IFERROR(__xludf.DUMMYFUNCTION("""COMPUTED_VALUE"""),56.89859735) -> 56.898597 | M69: =IFERROR(__xludf.DUMMYFUNCTION("""COMPUTED_VALUE"""),24.0876707999998) -> 24.087671
A70: =IFERROR(__xludf.DUMMYFUNCTION("""COMPUTED_VALUE"""),"For rent") -> For rent | B70: =IFERROR(__xludf.DUMMYFUNCTION("""COMPUTED_VALUE"""),"Ziepniekkalns") -> Ziepniekkalns | C70: =IFERROR(__xludf.DUMMYFUNCTION("""COMPUTED_VALUE"""),"Bērzupes 23") -> Bērzupes 23 | D70: =IFERROR(__xludf.DUMMYFUNCTION("""COMPUTED_VALUE"""),1.0) -> 1 | E70: =IFERROR(__xludf.DUMMYFUNCTION("""COMPUTED_VALUE"""),31.0) -> 31 | F70: =IFERROR(__xludf.DUMMYFUNCTION("""COMPUTED_VALUE"""),2.0) -> 2 | G70: =IFERROR(__xludf.DUMMYFUNCTION("""COMPUTED_VALUE"""),5.0) -> 5 | H70: =IFERROR(__xludf.DUMMYFUNCTION("""COMPUTED_VALUE"""),"LT proj.") -> LT proj. | I70: =IFERROR(__xludf.DUMMYFUNCTION("""COMPUTED_VALUE"""),"Panel-Brick") -> Panel-Brick | J70: =IFERROR(__xludf.DUMMYFUNCTION("""COMPUTED_VALUE"""),"All amenities") -> All amenities | K70: =IFERROR(__xludf.DUMMYFUNCTION("""COMPUTED_VALUE"""),250.0) -> 250 | L70: =IFERROR(__xludf.DUMMYFUNCTION("""COMPUTED_VALUE"""),56.9151751) -> 56.915175 | M70: =IFERROR(__xludf.DUMMYFUNCTION("""COMPUTED_VALUE"""),24.0930573319028) -> 24.093057
A71: =IFERROR(__xludf.DUMMYFUNCTION("""COMPUTED_VALUE"""),"For sale") -> For sale | B71: =IFERROR(__xludf.DUMMYFUNCTION("""COMPUTED_VALUE"""),"Pļavnieki") -> Pļavnieki | C71: =IFERROR(__xludf.DUMMYFUNCTION("""COMPUTED_VALUE"""),"Lubānas 129") -> Lubānas 129 | D71: =IFERROR(__xludf.DUMMYFUNCTION("""COMPUTED_VALUE"""),1.0) -> 1 | E71: =IFERROR(__xludf.DUMMYFUNCTION("""COMPUTED_VALUE"""),41.0) -> 41 | F71: =IFERROR(__xludf.DUMMYFUNCTION("""COMPUTED_VALUE"""),1.0) -> 1 | G71: =IFERROR(__xludf.DUMMYFUNCTION("""COMPUTED_VALUE"""),9.0) -> 9 | H71: =IFERROR(__xludf.DUMMYFUNCTION("""COMPUTED_VALUE"""),"M. ģim.") -> M. ģim. | I71: =IFERROR(__xludf.DUMMYFUNCTION("""COMPUTED_VALUE"""),"Panel") -> Panel | J71: =IFERROR(__xludf.DUMMYFUNCTION("""COMPUTED_VALUE"""),"All amenities") -> All amenities | K71: =IFERROR(__xludf.DUMMYFUNCTION("""COMPUTED_VALUE"""),34000.0) -> 34000 | L71: =IFERROR(__xludf.DUMMYFUNCTION("""COMPUTED_VALUE"""),56.93257265) -> 56.932573 | M71: =IFERROR(__xludf.DUMMYFUNCTION("""COMPUTED_VALUE"""),24.2080293) -> 24.208029
A72: =IFERROR(__xludf.DUMMYFUNCTION("""COMPUTED_VALUE"""),"For sale") -> For sale | B72: =IFERROR(__xludf.DUMMYFUNCTION("""COMPUTED_VALUE"""),"Āgenskalns") -> Āgenskalns | C72: =IFERROR(__xludf.DUMMYFUNCTION("""COMPUTED_VALUE"""),"Grīna bulv. 13") -> Grīna bulv. 13 | D72: =IFERROR(__xludf.DUMMYFUNCTION("""COMPUTED_VALUE"""),2.0) -> 2 | E72: =IFERROR(__xludf.DUMMYFUNCTION("""COMPUTED_VALUE"""),47.0) -> 47 | F72: =IFERROR(__xludf.DUMMYFUNCTION("""COMPUTED_VALUE"""),3.0) -> 3 | G72: =IFERROR(__xludf.DUMMYFUNCTION("""COMPUTED_VALUE"""),5.0) -> 5 | H72: =IFERROR(__xludf.DUMMYFUNCTION("""COMPUTED_VALUE"""),"Specpr.") -> Specpr. | I72: =IFERROR(__xludf.DUMMYFUNCTION("""COMPUTED_VALUE"""),"Brick") -> Brick | J72: =IFERROR(__xludf.DUMMYFUNCTION("""COMPUTED_VALUE"""),"All amenities") -> All amenities | K72: =IFERROR(__xludf.DUMMYFUNCTION("""COMPUTED_VALUE"""),45500.0) -> 45500 | L72: =IFERROR(__xludf.DUMMYFUNCTION("""COMPUTED_VALUE"""),"NaN") -> NaN | M72: =IFERROR(__xludf.DUMMYFUNCTION("""COMPUTED_VALUE"""),"NaN") -> NaN
A73: =IFERROR(__xludf.DUMMYFUNCTION("""COMPUTED_VALUE"""),"For sale") -> For sale | B73: =IFERROR(__xludf.DUMMYFUNCTION("""COMPUTED_VALUE"""),"centrs") -> centrs | C73: =IFERROR(__xludf.DUMMYFUNCTION("""COMPUTED_VALUE"""),"Pētersalas 2") -> Pētersalas 2 | D73: =IFERROR(__xludf.DUMMYFUNCTION("""COMPUTED_VALUE"""),5.0) -> 5 | E73: =IFERROR(__xludf.DUMMYFUNCTION("""COMPUTED_VALUE"""),144.0) -> 144 | F73: =IFERROR(__xludf.DUMMYFUNCTION("""COMPUTED_VALUE"""),1.0) -> 1 | G73: =IFERROR(__xludf.DUMMYFUNCTION("""COMPUTED_VALUE"""),5.0) -> 5 | H73: =IFERROR(__xludf.DUMMYFUNCTION("""COMPUTED_VALUE"""),"Specpr.") -> Specpr. | I73: =IFERROR(__xludf.DUMMYFUNCTION("""COMPUTED_VALUE"""),"Masonry") -> Masonry | J73: =IFERROR(__xludf.DUMMYFUNCTION("""COMPUTED_VALUE"""),"All amenities") -> All amenities | K73: =IFERROR(__xludf.DUMMYFUNCTION("""COMPUTED_VALUE"""),74800.0) -> 74800 | L73: =IFERROR(__xludf.DUMMYFUNCTION("""COMPUTED_VALUE"""),56.9678993) -> 56.967899 | M73: =IFERROR(__xludf.DUMMYFUNCTION("""COMPUTED_VALUE"""),24.1050379341528) -> 24.105038
A74: =IFERROR(__xludf.DUMMYFUNCTION("""COMPUTED_VALUE"""),"For rent") -> For rent | B74: =IFERROR(__xludf.DUMMYFUNCTION("""COMPUTED_VALUE"""),"Mežaparks") -> Mežaparks | C74: =IFERROR(__xludf.DUMMYFUNCTION("""COMPUTED_VALUE"""),"Viestura pr. 95") -> Viestura pr. 95 | D74: =IFERROR(__xludf.DUMMYFUNCTION("""COMPUTED_VALUE"""),2.0) -> 2 | E74: =IFERROR(__xludf.DUMMYFUNCTION("""COMPUTED_VALUE"""),42.0) -> 42 | F74: =IFERROR(__xludf.DUMMYFUNCTION("""COMPUTED_VALUE"""),8.0) -> 8 | G74: =IFERROR(__xludf.DUMMYFUNCTION("""COMPUTED_VALUE"""),11.0) -> 11 | H74: =IFERROR(__xludf.DUMMYFUNCTION("""COMPUTED_VALUE"""),"Jaun.") -> Jaun. | I74: =IFERROR(__xludf.DUMMYFUNCTION("""COMPUTED_VALUE"""),"Brick") -> Brick | J74: =IFERROR(__xludf.DUMMYFUNCTION("""COMPUTED_VALUE"""),"All amenities") -> All amenities | K74: =IFERROR(__xludf.DUMMYFUNCTION("""COMPUTED_VALUE"""),450.0) -> 450 | L74: =IFERROR(__xludf.DUMMYFUNCTION("""COMPUTED_VALUE"""),"NaN") -> NaN | M74: =IFERROR(__xludf.DUMMYFUNCTION("""COMPUTED_VALUE"""),"NaN") -> NaN
A75: =IFERROR(__xludf.DUMMYFUNCTION("""COMPUTED_VALUE"""),"For sale") -> For sale | B75: =IFERROR(__xludf.DUMMYFUNCTION("""COMPUTED_VALUE"""),"centrs") -> centrs | C75: =IFERROR(__xludf.DUMMYFUNCTION("""COMPUTED_VALUE"""),"Ādmiņu 6") -> Ādmiņu 6 | D75: =IFERROR(__xludf.DUMMYFUNCTION("""COMPUTED_VALUE"""),2.0) -> 2 | E75: =IFERROR(__xludf.DUMMYFUNCTION("""COMPUTED_VALUE"""),36.0) -> 36 | F75: =IFERROR(__xludf.DUMMYFUNCTION("""COMPUTED_VALUE"""),2.0) -> 2 | G75: =IFERROR(__xludf.DUMMYFUNCTION("""COMPUTED_VALUE"""),2.0) -> 2 | H75: =IFERROR(__xludf.DUMMYFUNCTION("""COMPUTED_VALUE"""),"P. kara") -> P. kara | I75: =IFERROR(__xludf.DUMMYFUNCTION("""COMPUTED_VALUE"""),"Masonry") -> Masonry | J75: =IFERROR(__xludf.DUMMYFUNCTION("""COMPUTED_VALUE"""),"Partial amenities") -> Partial amenities | K75: =IFERROR(__xludf.DUMMYFUNCTION("""COMPUTED_VALUE"""),25000.0) -> 25000 | L75: =IFERROR(__xludf.DUMMYFUNCTION("""COMPUTED_VALUE"""),56.949362) -> 56.949362 | M75: =IFERROR(__xludf.DUMMYFUNCTION("""COMPUTED_VALUE"""),24.1405231747945) -> 24.140523
A76: =IFERROR(__xludf.DUMMYFUNCTION("""COMPUTED_VALUE"""),"For rent") -> For rent | B76: =IFERROR(__xludf.DUMMYFUNCTION("""COMPUTED_VALUE"""),"Jugla") -> Jugla | C76: =IFERROR(__xludf.DUMMYFUNCTION("""COMPUTED_VALUE"""),"Veldres 32") -> Veldres 32 | D76: =IFERROR(__xludf.DUMMYFUNCTION("""COMPUTED_VALUE"""),1.0) -> 1 | E76: =IFERROR(__xludf.DUMMYFUNCTION("""COMPUTED_VALUE"""),33.0) -> 33 | F76: =IFERROR(__xludf.DUMMYFUNCTION("""COMPUTED_VALUE"""),12.0) -> 12 | G76: =IFERROR(__xludf.DUMMYFUNCTION("""COMPUTED_VALUE"""),12.0) -> 12 | H76: =IFERROR(__xludf.DUMMYFUNCTION("""COMPUTED_VALUE"""),"Specpr.") -> Specpr. | I76: =IFERROR(__xludf.DUMMYFUNCTION("""COMPUTED_VALUE"""),"Brick-Panel") -> Brick-Panel | J76: =IFERROR(__xludf.DUMMYFUNCTION("""COMPUTED_VALUE"""),"All amenities") -> All amenities | K76: =IFERROR(__xludf.DUMMYFUNCTION("""COMPUTED_VALUE"""),230.0) -> 230 | L76: =IFERROR(__xludf.DUMMYFUNCTION("""COMPUTED_VALUE"""),56.9764669) -> 56.976467 | M76: =IFERROR(__xludf.DUMMYFUNCTION("""COMPUTED_VALUE"""),24.2443207293107) -> 24.244321
A77: =IFERROR(__xludf.DUMMYFUNCTION("""COMPUTED_VALUE"""),"For rent") -> For rent | B77: =IFERROR(__xludf.DUMMYFUNCTION("""COMPUTED_VALUE"""),"Sarkandaugava") -> Sarkandaugava | C77: =IFERROR(__xludf.DUMMYFUNCTION("""COMPUTED_VALUE"""),"Tilta 5") -> Tilta 5 | D77: =IFERROR(__xludf.DUMMYFUNCTION("""COMPUTED_VALUE"""),"Citi") -> Citi | E77: =IFERROR(__xludf.DUMMYFUNCTION("""COMPUTED_VALUE"""),76.0) -> 76 | F77: =IFERROR(__xludf.DUMMYFUNCTION("""COMPUTED_VALUE"""),2.0) -> 2 | G77: =IFERROR(__xludf.DUMMYFUNCTION("""COMPUTED_VALUE"""),4.0) -> 4 | H77: =IFERROR(__xludf.DUMMYFUNCTION("""COMPUTED_VALUE"""),"P. kara") -> P. kara | I77: =IFERROR(__xludf.DUMMYFUNCTION("""COMPUTED_VALUE"""),"Masonry") -> Masonry | J77: =IFERROR(__xludf.DUMMYFUNCTION("""COMPUTED_VALUE"""),"All amenities") -> All amenities | K77: =IFERROR(__xludf.DUMMYFUNCTION("""COMPUTED_VALUE"""),295.0) -> 295 | L77: =IFERROR(__xludf.DUMMYFUNCTION("""COMPUTED_VALUE"""),56.9950728) -> 56.995073 | M77: =IFERROR(__xludf.DUMMYFUNCTION("""COMPUTED_VALUE"""),24.1273961) -> 24.127396
A78: =IFERROR(__xludf.DUMMYFUNCTION("""COMPUTED_VALUE"""),"For rent") -> For rent | B78: =IFERROR(__xludf.DUMMYFUNCTION("""COMPUTED_VALUE"""),"Maskavas priekšpilsēta") -> Maskavas priekšpilsēta | C78: =IFERROR(__xludf.DUMMYFUNCTION("""COMPUTED_VALUE"""),"Daugavpils 76") -> Daugavpils 76 | D78: =IFERROR(__xludf.DUMMYFUNCTION("""COMPUTED_VALUE"""),1.0) -> 1 | E78: =IFERROR(__xludf.DUMMYFUNCTION("""COMPUTED_VALUE"""),25.0) -> 25 | F78: =IFERROR(__xludf.DUMMYFUNCTION("""COMPUTED_VALUE"""),5.0) -> 5 | G78: =IFERROR(__xludf.DUMMYFUNCTION("""COMPUTED_VALUE"""),6.0) -> 6 | H78: =IFERROR(__xludf.DUMMYFUNCTION("""COMPUTED_VALUE"""),"P. kara") -> P. kara | I78: =IFERROR(__xludf.DUMMYFUNCTION("""COMPUTED_VALUE"""),"Brick") -> Brick | J78: =IFERROR(__xludf.DUMMYFUNCTION("""COMPUTED_VALUE"""),"All amenities") -> All amenities | K78: =IFERROR(__xludf.DUMMYFUNCTION("""COMPUTED_VALUE"""),250.0) -> 250 | L78: =IFERROR(__xludf.DUMMYFUNCTION("""COMPUTED_VALUE"""),56.9464308999999) -> 56.946431 | M78: =IFERROR(__xludf.DUMMYFUNCTION("""COMPUTED_VALUE"""),24.1413962131361) -> 24.141396
A79: =IFERROR(__xludf.DUMMYFUNCTION("""COMPUTED_VALUE"""),"For rent") -> For rent | B79: =IFERROR(__xludf.DUMMYFUNCTION("""COMPUTED_VALUE"""),"Āgenskalns") -> Āgenskalns | C79: =IFERROR(__xludf.DUMMYFUNCTION("""COMPUTED_VALUE"""),"Kristapa 8") -> Kristapa 8 | D79: =IFERROR(__xludf.DUMMYFUNCTION("""COMPUTED_VALUE"""),1.0) -> 1 | E79: =IFERROR(__xludf.DUMMYFUNCTION("""COMPUTED_VALUE"""),18.0) -> 18 | F79: =IFERROR(__xludf.DUMMYFUNCTION("""COMPUTED_VALUE"""),1.0) -> 1 | G79: =IFERROR(__xludf.DUMMYFUNCTION("""COMPUTED_VALUE"""),4.0) -> 4 | H79: =IFERROR(__xludf.DUMMYFUNCTION("""COMPUTED_VALUE"""),"M. ģim.") -> M. ģim. | I79: =IFERROR(__xludf.DUMMYFUNCTION("""COMPUTED_VALUE"""),"Brick") -> Brick | J79: =IFERROR(__xludf.DUMMYFUNCTION("""COMPUTED_VALUE"""),"All amenities") -> All amenities | K79: =IFERROR(__xludf.DUMMYFUNCTION("""COMPUTED_VALUE"""),220.0) -> 220 | L79: =IFERROR(__xludf.DUMMYFUNCTION("""COMPUTED_VALUE"""),56.9428654999999) -> 56.942866 | M79: =IFERROR(__xludf.DUMMYFUNCTION("""COMPUTED_VALUE"""),24.0609632086428) -> 24.060963
A80: =IFERROR(__xludf.DUMMYFUNCTION("""COMPUTED_VALUE"""),"For sale") -> For sale | B80: =IFERROR(__xludf.DUMMYFUNCTION("""COMPUTED_VALUE"""),"Daugavgrīva") -> Daugavgrīva | C80: =IFERROR(__xludf.DUMMYFUNCTION("""COMPUTED_VALUE"""),"Slimnīcas 6") -> Slimnīcas 6 | D80: =IFERROR(__xludf.DUMMYFUNCTION("""COMPUTED_VALUE"""),2.0) -> 2 | E80: =IFERROR(__xludf.DUMMYFUNCTION("""COMPUTED_VALUE"""),53.0) -> 53 | F80: =IFERROR(__xludf.DUMMYFUNCTION("""COMPUTED_VALUE"""),2.0) -> 2 | G80: =IFERROR(__xludf.DUMMYFUNCTION("""COMPUTED_VALUE"""),5.0) -> 5 | H80: =IFERROR(__xludf.DUMMYFUNCTION("""COMPUTED_VALUE"""),103.0) -> 103 | I80: =IFERROR(__xludf.DUMMYFUNCTION("""COMPUTED_VALUE"""),"Brick-Panel") -> Brick-Panel | J80: =IFERROR(__xludf.DUMMYFUNCTION("""COMPUTED_VALUE"""),"All amenities") -> All amenities | K80: =IFERROR(__xludf.DUMMYFUNCTION("""COMPUTED_VALUE"""),31900.0) -> 31900 | L80: =IFERROR(__xludf.DUMMYFUNCTION("""COMPUTED_VALUE"""),57.0408666999999) -> 57.040867 | M80: =IFERROR(__xludf.DUMMYFUNCTION("""COMPUTED_VALUE"""),24.0327413709408) -> 24.032741
A81: =IFERROR(__xludf.DUMMYFUNCTION("""COMPUTED_VALUE"""),"For rent") -> For rent | B81: =IFERROR(__xludf.DUMMYFUNCTION("""COMPUTED_VALUE"""),"centrs") -> centrs | C81: =IFERROR(__xludf.DUMMYFUNCTION("""COMPUTED_VALUE"""),"Barona 76") -> Barona 76 | D81: =IFERROR(__xludf.DUMMYFUNCTION("""COMPUTED_VALUE"""),3.0) -> 3 | E81: =IFERROR(__xludf.DUMMYFUNCTION("""COMPUTED_VALUE"""),67.0) -> 67 | F81: =IFERROR(__xludf.DUMMYFUNCTION("""COMPUTED_VALUE"""),2.0) -> 2 | G81: =IFERROR(__xludf.DUMMYFUNCTION("""COMPUTED_VALUE"""),6.0) -> 6 | H81: =IFERROR(__xludf.DUMMYFUNCTION("""COMPUTED_VALUE"""),"Renov.") -> Renov. | I81: =IFERROR(__xludf.DUMMYFUNCTION("""COMPUTED_VALUE"""),"Masonry") -> Masonry | J81: =IFERROR(__xludf.DUMMYFUNCTION("""COMPUTED_VALUE"""),"All amenities") -> All amenities | K81: =IFERROR(__xludf.DUMMYFUNCTION("""COMPUTED_VALUE"""),750.0) -> 750 | L81: =IFERROR(__xludf.DUMMYFUNCTION("""COMPUTED_VALUE"""),56.95643795) -> 56.956438 | M81: =IFERROR(__xludf.DUMMYFUNCTION("""COMPUTED_VALUE"""),24.1325729821556) -> 24.132573
A82: =IFERROR(__xludf.DUMMYFUNCTION("""COMPUTED_VALUE"""),"For rent") -> For rent | B82: =IFERROR(__xludf.DUMMYFUNCTION("""COMPUTED_VALUE"""),"centrs") -> centrs | C82: =IFERROR(__xludf.DUMMYFUNCTION("""COMPUTED_VALUE"""),"Tallinas 65") -> Tallinas 65 | D82: =IFERROR(__xludf.DUMMYFUNCTION("""COMPUTED_VALUE"""),3.0) -> 3 | E82: =IFERROR(__xludf.DUMMYFUNCTION("""COMPUTED_VALUE"""),83.0) -> 83 | F82: =IFERROR(__xludf.DUMMYFUNCTION("""COMPUTED_VALUE"""),5.0) -> 5 | G82: =IFERROR(__xludf.DUMMYFUNCTION("""COMPUTED_VALUE"""),5.0) -> 5 | H82: =IFERROR(__xludf.DUMMYFUNCTION("""COMPUTED_VALUE"""),"Renov.") -> Renov. | I82: =IFERROR(__xludf.DUMMYFUNCTION("""COMPUTED_VALUE"""),"Masonry") -> Masonry | J82: =IFERROR(__xludf.DUMMYFUNCTION("""COMPUTED_VALUE"""),"All amenities") -> All amenities | K82: =IFERROR(__xludf.DUMMYFUNCTION("""COMPUTED_VALUE"""),900.0) -> 900 | L82: =IFERROR(__xludf.DUMMYFUNCTION("""COMPUTED_VALUE"""),56.95878525) -> 56.958785 | M82: =IFERROR(__xludf.DUMMYFUNCTION("""COMPUTED_VALUE"""),24.1445891181308) -> 24.144589
A83: =IFERROR(__xludf.DUMMYFUNCTION("""COMPUTED_VALUE"""),"For rent") -> For rent | B83: =IFERROR(__xludf.DUMMYFUNCTION("""COMPUTED_VALUE"""),"Ķengarags") -> Ķengarags | C83: =IFERROR(__xludf.DUMMYFUNCTION("""COMPUTED_VALUE"""),"Prūšu 3") -> Prūšu 3 | D83: =IFERROR(__xludf.DUMMYFUNCTION("""COMPUTED_VALUE"""),1.0) -> 1 | E83: =IFERROR(__xludf.DUMMYFUNCTION("""COMPUTED_VALUE"""),30.0) -> 30 | F83: =IFERROR(__xludf.DUMMYFUNCTION("""COMPUTED_VALUE"""),5.0) -> 5 | G83: =IFERROR(__xludf.DUMMYFUNCTION("""COMPUTED_VALUE"""),5.0) -> 5 | H83: =IFERROR(__xludf.DUMMYFUNCTION("""COMPUTED_VALUE"""),"LT proj.") -> LT proj. | I83: =IFERROR(__xludf.DUMMYFUNCTION("""COMPUTED_VALUE"""),"Panel") -> Panel | J83: =IFERROR(__xludf.DUMMYFUNCTION("""COMPUTED_VALUE"""),"All amenities") -> All amenities | K83: =IFERROR(__xludf.DUMMYFUNCTION("""COMPUTED_VALUE"""),220.0) -> 220 | L83: =IFERROR(__xludf.DUMMYFUNCTION("""COMPUTED_VALUE"""),56.916944) -> 56.916944 | M83: =IFERROR(__xludf.DUMMYFUNCTION("""COMPUTED_VALUE"""),24.1842300455895) -> 24.18423
A84: =IFERROR(__xludf.DUMMYFUNCTION("""COMPUTED_VALUE"""),"For sale") -> For sale | B84: =IFERROR(__xludf.DUMMYFUNCTION("""COMPUTED_VALUE"""),"centrs") -> centrs | C84: =IFERROR(__xludf.DUMMYFUNCTION("""COMPUTED_VALUE"""),"Avotu 4") -> Avotu 4 | D84: =IFERROR(__xludf.DUMMYFUNCTION("""COMPUTED_VALUE"""),2.0) -> 2 | E84: =IFERROR(__xludf.DUMMYFUNCTION("""COMPUTED_VALUE"""),41.0) -> 41 | F84: =IFERROR(__xludf.DUMMYFUNCTION("""COMPUTED_VALUE"""),4.0) -> 4 | G84: =IFERROR(__xludf.DUMMYFUNCTION("""COMPUTED_VALUE"""),5.0) -> 5 | H84: =IFERROR(__xludf.DUMMYFUNCTION("""COMPUTED_VALUE"""),"Renov.") -> Renov. | I84: =IFERROR(__xludf.DUMMYFUNCTION("""COMPUTED_VALUE"""),"Masonry") -> Masonry | J84: =IFERROR(__xludf.DUMMYFUNCTION("""COMPUTED_VALUE"""),"All amenities") -> All amenities | K84: =IFERROR(__xludf.DUMMYFUNCTION("""COMPUTED_VALUE"""),57500.0) -> 57500 | L84: =IFERROR(__xludf.DUMMYFUNCTION("""COMPUTED_VALUE"""),56.9508163) -> 56.950816 | M84: =IFERROR(__xludf.DUMMYFUNCTION("""COMPUTED_VALUE"""),24.1271389) -> 24.127139
A85: =IFERROR(__xludf.DUMMYFUNCTION("""COMPUTED_VALUE"""),"For rent") -> For rent | B85: =IFERROR(__xludf.DUMMYFUNCTION("""COMPUTED_VALUE"""),"centrs") -> centrs | C85: =IFERROR(__xludf.DUMMYFUNCTION("""COMPUTED_VALUE"""),"Klijānu 2e") -> Klijānu 2e | D85: =IFERROR(__xludf.DUMMYFUNCTION("""COMPUTED_VALUE"""),1.0) -> 1 | E85: =IFERROR(__xludf.DUMMYFUNCTION("""COMPUTED_VALUE"""),30.0) -> 30 | F85: =IFERROR(__xludf.DUMMYFUNCTION("""COMPUTED_VALUE"""),2.0) -> 2 | G85: =IFERROR(__xludf.DUMMYFUNCTION("""COMPUTED_VALUE"""),9.0) -> 9 | H85: =IFERROR(__xludf.DUMMYFUNCTION("""COMPUTED_VALUE"""),"Renov.") -> Renov. | I85: =IFERROR(__xludf.DUMMYFUNCTION("""COMPUTED_VALUE"""),"Brick-Panel") -> Brick-Panel | J85: =IFERROR(__xludf.DUMMYFUNCTION("""COMPUTED_VALUE"""),"All amenities") -> All amenities | K85: =IFERROR(__xludf.DUMMYFUNCTION("""COMPUTED_VALUE"""),270.0) -> 270 | L85: =IFERROR(__xludf.DUMMYFUNCTION("""COMPUTED_VALUE"""),56.974699) -> 56.974699 | M85: =IFERROR(__xludf.DUMMYFUNCTION("""COMPUTED_VALUE"""),24.1449329) -> 24.144933
A86: =IFERROR(__xludf.DUMMYFUNCTION("""COMPUTED_VALUE"""),"For rent") -> For rent | B86: =IFERROR(__xludf.DUMMYFUNCTION("""COMPUTED_VALUE"""),"Āgenskalns") -> Āgenskalns | C86: =IFERROR(__xludf.DUMMYFUNCTION("""COMPUTED_VALUE"""),"Āgenskalna 22") -> Āgenskalna 22 | D86: =IFERROR(__xludf.DUMMYFUNCTION("""COMPUTED_VALUE"""),2.0) -> 2 | E86: =IFERROR(__xludf.DUMMYFUNCTION("""COMPUTED_VALUE"""),41.0) -> 41 | F86: =IFERROR(__xludf.DUMMYFUNCTION("""COMPUTED_VALUE"""),3.0) -> 3 | G86: =IFERROR(__xludf.DUMMYFUNCTION("""COMPUTED_VALUE"""),5.0) -> 5 | H86: =IFERROR(__xludf.DUMMYFUNCTION("""COMPUTED_VALUE"""),"Hrušč.") -> Hrušč. | I86: =IFERROR(__xludf.DUMMYFUNCTION("""COMPUTED_VALUE"""),"Brick") -> Brick | J86: =IFERROR(__xludf.DUMMYFUNCTION("""COMPUTED_VALUE"""),"All amenities") -> All amenities | K86: =IFERROR(__xludf.DUMMYFUNCTION("""COMPUTED_VALUE"""),330.0) -> 330 | L86: =IFERROR(__xludf.DUMMYFUNCTION("""COMPUTED_VALUE"""),56.9456104) -> 56.94561 | M86: =IFERROR(__xludf.DUMMYFUNCTION("""COMPUTED_VALUE"""),24.0623652) -> 24.062365
A87: =IFERROR(__xludf.DUMMYFUNCTION("""COMPUTED_VALUE"""),"For sale") -> For sale | B87: =IFERROR(__xludf.DUMMYFUNCTION("""COMPUTED_VALUE"""),"Bolderāja") -> Bolderāja | C87: =IFERROR(__xludf.DUMMYFUNCTION("""COMPUTED_VALUE"""),"Silikātu 1/2") -> Silikātu 1/2 | D87: =IFERROR(__xludf.DUMMYFUNCTION("""COMPUTED_VALUE"""),2.0) -> 2 | E87: =IFERROR(__xludf.DUMMYFUNCTION("""COMPUTED_VALUE"""),41.77) -> 41.77 | F87: =IFERROR(__xludf.DUMMYFUNCTION("""COMPUTED_VALUE"""),1.0) -> 1 | G87: =IFERROR(__xludf.DUMMYFUNCTION("""COMPUTED_VALUE"""),3.0) -> 3 | H87: =IFERROR(__xludf.DUMMYFUNCTION("""COMPUTED_VALUE"""),"Hrušč.") -> Hrušč. | I87: =IFERROR(__xludf.DUMMYFUNCTION("""COMPUTED_VALUE"""),"Brick") -> Brick | J87: =IFERROR(__xludf.DUMMYFUNCTION("""COMPUTED_VALUE"""),"All amenities") -> All amenities | K87: =IFERROR(__xludf.DUMMYFUNCTION("""COMPUTED_VALUE"""),39000.0) -> 39000 | L87: =IFERROR(__xludf.DUMMYFUNCTION("""COMPUTED_VALUE"""),"NaN") -> NaN | M87: =IFERROR(__xludf.DUMMYFUNCTION("""COMPUTED_VALUE"""),"NaN") -> NaN
A88: =IFERROR(__xludf.DUMMYFUNCTION("""COMPUTED_VALUE"""),"For rent") -> For rent | B88: =IFERROR(__xludf.DUMMYFUNCTION("""COMPUTED_VALUE"""),"centrs") -> centrs | C88: =IFERROR(__xludf.DUMMYFUNCTION("""COMPUTED_VALUE"""),"Čaka 96") -> Čaka 96 | D88: =IFERROR(__xludf.DUMMYFUNCTION("""COMPUTED_VALUE"""),2.0) -> 2 | E88: =IFERROR(__xludf.DUMMYFUNCTION("""COMPUTED_VALUE"""),62.0) -> 62 | F88: =IFERROR(__xludf.DUMMYFUNCTION("""COMPUTED_VALUE"""),3.0) -> 3 | G88: =IFERROR(__xludf.DUMMYFUNCTION("""COMPUTED_VALUE"""),5.0) -> 5 | H88: =IFERROR(__xludf.DUMMYFUNCTION("""COMPUTED_VALUE"""),"Jaun.") -> Jaun. | I88: =IFERROR(__xludf.DUMMYFUNCTION("""COMPUTED_VALUE"""),"Brick-Panel") -> Brick-Panel | J88: =IFERROR(__xludf.DUMMYFUNCTION("""COMPUTED_VALUE"""),"All amenities") -> All amenities | K88: =IFERROR(__xludf.DUMMYFUNCTION("""COMPUTED_VALUE"""),700.0) -> 700 | L88: =IFERROR(__xludf.DUMMYFUNCTION("""COMPUTED_VALUE"""),56.9571813) -> 56.957181 | M88: =IFERROR(__xludf.DUMMYFUNCTION("""COMPUTED_VALUE"""),24.1394667939636) -> 24.139467
A89: =IFERROR(__xludf.DUMMYFUNCTION("""COMPUTED_VALUE"""),"For rent") -> For rent | B89: =IFERROR(__xludf.DUMMYFUNCTION("""COMPUTED_VALUE"""),"centrs") -> centrs | C89: =IFERROR(__xludf.DUMMYFUNCTION("""COMPUTED_VALUE"""),"Ausekļa 7") -> Ausekļa 7 | D89: =IFERROR(__xludf.DUMMYFUNCTION("""COMPUTED_VALUE"""),2.0) -> 2 | E89: =IFERROR(__xludf.DUMMYFUNCTION("""COMPUTED_VALUE"""),77.0) -> 77 | F89: =IFERROR(__xludf.DUMMYFUNCTION("""COMPUTED_VALUE"""),3.0) -> 3 | G89: =IFERROR(__xludf.DUMMYFUNCTION("""COMPUTED_VALUE"""),6.0) -> 6 | H89: =IFERROR(__xludf.DUMMYFUNCTION("""COMPUTED_VALUE"""),"Renov.") -> Renov. | I89: =IFERROR(__xludf.DUMMYFUNCTION("""COMPUTED_VALUE"""),"Brick") -> Brick | J89: =IFERROR(__xludf.DUMMYFUNCTION("""COMPUTED_VALUE"""),"All amenities") -> All amenities | K89: =IFERROR(__xludf.DUMMYFUNCTION("""COMPUTED_VALUE"""),600.0) -> 600 | L89: =IFERROR(__xludf.DUMMYFUNCTION("""COMPUTED_VALUE"""),56.96104425) -> 56.961044 | M89: =IFERROR(__xludf.DUMMYFUNCTION("""COMPUTED_VALUE"""),24.0996557553473) -> 24.099656
A90: =IFERROR(__xludf.DUMMYFUNCTION("""COMPUTED_VALUE"""),"For sale") -> For sale | B90: =IFERROR(__xludf.DUMMYFUNCTION("""COMPUTED_VALUE"""),"Imanta") -> Imanta | C90: =IFERROR(__xludf.DUMMYFUNCTION("""COMPUTED_VALUE"""),"Anniņmuižas bulvāris 38") -> Anniņmuižas bulvāris 38 | D90: =IFERROR(__xludf.DUMMYFUNCTION("""COMPUTED_VALUE"""),2.0) -> 2 | E90: =IFERROR(__xludf.DUMMYFUNCTION("""COMPUTED_VALUE"""),60.0) -> 60 | F90: =IFERROR(__xludf.DUMMYFUNCTION("""COMPUTED_VALUE"""),2.0) -> 2 | G90: =IFERROR(__xludf.DUMMYFUNCTION("""COMPUTED_VALUE"""),17.0) -> 17 | H90: =IFERROR(__xludf.DUMMYFUNCTION("""COMPUTED_VALUE"""),"Jaun.") -> Jaun. | I90: =IFERROR(__xludf.DUMMYFUNCTION("""COMPUTED_VALUE"""),"Masonry") -> Masonry | J90: =IFERROR(__xludf.DUMMYFUNCTION("""COMPUTED_VALUE"""),"All amenities") -> All amenities | K90: =IFERROR(__xludf.DUMMYFUNCTION("""COMPUTED_VALUE"""),88000.0) -> 88000 | L90: =IFERROR(__xludf.DUMMYFUNCTION("""COMPUTED_VALUE"""),56.96112105) -> 56.961121 | M90: =IFERROR(__xludf.DUMMYFUNCTION("""COMPUTED_VALUE"""),24.01821679525) -> 24.018217
A91: =IFERROR(__xludf.DUMMYFUNCTION("""COMPUTED_VALUE"""),"For sale") -> For sale | B91: =IFERROR(__xludf.DUMMYFUNCTION("""COMPUTED_VALUE"""),"Āgenskalns") -> Āgenskalns | C91: =IFERROR(__xludf.DUMMYFUNCTION("""COMPUTED_VALUE"""),"Mārupes 47") -> Mārupes 47 | D91: =IFERROR(__xludf.DUMMYFUNCTION("""COMPUTED_VALUE"""),3.0) -> 3 | E91: =IFERROR(__xludf.DUMMYFUNCTION("""COMPUTED_VALUE"""),68.0) -> 68 | F91: =IFERROR(__xludf.DUMMYFUNCTION("""COMPUTED_VALUE"""),3.0) -> 3 | G91: =IFERROR(__xludf.DUMMYFUNCTION("""COMPUTED_VALUE"""),5.0) -> 5 | H91: =IFERROR(__xludf.DUMMYFUNCTION("""COMPUTED_VALUE"""),"Specpr.") -> Specpr. | I91: =IFERROR(__xludf.DUMMYFUNCTION("""COMPUTED_VALUE"""),"Brick-Panel") -> Brick-Panel | J91: =IFERROR(__xludf.DUMMYFUNCTION("""COMPUTED_VALUE"""),"All amenities") -> All amenities | K91: =IFERROR(__xludf.DUMMYFUNCTION("""COMPUTED_VALUE"""),89000.0) -> 89000 | L91: =IFERROR(__xludf.DUMMYFUNCTION("""COMPUTED_VALUE"""),56.9271624) -> 56.927162 | M91: =IFERROR(__xludf.DUMMYFUNCTION("""COMPUTED_VALUE"""),24.0769771776445) -> 24.076977
A92: =IFERROR(__xludf.DUMMYFUNCTION("""COMPUTED_VALUE"""),"For rent") -> For rent | B92: =IFERROR(__xludf.DUMMYFUNCTION("""COMPUTED_VALUE"""),"Imanta") -> Imanta | C92: =IFERROR(__xludf.DUMMYFUNCTION("""COMPUTED_VALUE"""),"M. Krūmu 6") -> M. Krūmu 6 | D92: =IFERROR(__xludf.DUMMYFUNCTION("""COMPUTED_VALUE"""),1.0) -> 1 | E92: =IFERROR(__xludf.DUMMYFUNCTION("""COMPUTED_VALUE"""),29.0) -> 29 | F92: =IFERROR(__xludf.DUMMYFUNCTION("""COMPUTED_VALUE"""),4.0) -> 4 | G92: =IFERROR(__xludf.DUMMYFUNCTION("""COMPUTED_VALUE"""),5.0) -> 5 | H92: =IFERROR(__xludf.DUMMYFUNCTION("""COMPUTED_VALUE"""),"LT proj.") -> LT proj. | I92: =IFERROR(__xludf.DUMMYFUNCTION("""COMPUTED_VALUE"""),"Panel") -> Panel | J92: =IFERROR(__xludf.DUMMYFUNCTION("""COMPUTED_VALUE"""),"All amenities") -> All amenities | K92: =IFERROR(__xludf.DUMMYFUNCTION("""COMPUTED_VALUE"""),230.0) -> 230 | L92: =IFERROR(__xludf.DUMMYFUNCTION("""COMPUTED_VALUE"""),56.9584557999999) -> 56.958456 | M92: =IFERROR(__xludf.DUMMYFUNCTION("""COMPUTED_VALUE"""),24.0028561019525) -> 24.002856
A93: =IFERROR(__xludf.DUMMYFUNCTION("""COMPUTED_VALUE"""),"For sale") -> For sale | B93: =IFERROR(__xludf.DUMMYFUNCTION("""COMPUTED_VALUE"""),"Dreiliņi") -> Dreiliņi | C93: =IFERROR(__xludf.DUMMYFUNCTION("""COMPUTED_VALUE"""),"Kaivas 33/1") -> Kaivas 33/1 | D93: =IFERROR(__xludf.DUMMYFUNCTION("""COMPUTED_VALUE"""),3.0) -> 3 | E93: =IFERROR(__xludf.DUMMYFUNCTION("""COMPUTED_VALUE"""),86.0) -> 86 | F93: =IFERROR(__xludf.DUMMYFUNCTION("""COMPUTED_VALUE"""),4.0) -> 4 | G93: =IFERROR(__xludf.DUMMYFUNCTION("""COMPUTED_VALUE"""),4.0) -> 4 | H93: =IFERROR(__xludf.DUMMYFUNCTION("""COMPUTED_VALUE"""),"Jaun.") -> Jaun. | I93: =IFERROR(__xludf.DUMMYFUNCTION("""COMPUTED_VALUE"""),"Panel-Brick") -> Panel-Brick | J93: =IFERROR(__xludf.DUMMYFUNCTION("""COMPUTED_VALUE"""),"All amenities") -> All amenities | K93: =IFERROR(__xludf.DUMMYFUNCTION("""COMPUTED_VALUE"""),130000.0) -> 130000 | L93: =IFERROR(__xludf.DUMMYFUNCTION("""COMPUTED_VALUE"""),56.9541725) -> 56.954172 | M93: =IFERROR(__xludf.DUMMYFUNCTION("""COMPUTED_VALUE"""),24.2443253) -> 24.244325
A94: =IFERROR(__xludf.DUMMYFUNCTION("""COMPUTED_VALUE"""),"For rent") -> For rent | B94: =IFERROR(__xludf.DUMMYFUNCTION("""COMPUTED_VALUE"""),"centrs") -> centrs | C94: =IFERROR(__xludf.DUMMYFUNCTION("""COMPUTED_VALUE"""),"Lāčplēša 147") -> Lāčplēša 147 | D94: =IFERROR(__xludf.DUMMYFUNCTION("""COMPUTED_VALUE"""),1.0) -> 1 | E94: =IFERROR(__xludf.DUMMYFUNCTION("""COMPUTED_VALUE"""),20.0) -> 20 | F94: =IFERROR(__xludf.DUMMYFUNCTION("""COMPUTED_VALUE"""),2.0) -> 2 | G94: =IFERROR(__xludf.DUMMYFUNCTION("""COMPUTED_VALUE"""),4.0) -> 4 | H94: =IFERROR(__xludf.DUMMYFUNCTION("""COMPUTED_VALUE"""),"Jaun.") -> Jaun. | I94: =IFERROR(__xludf.DUMMYFUNCTION("""COMPUTED_VALUE"""),"Brick") -> Brick | J94: =IFERROR(__xludf.DUMMYFUNCTION("""COMPUTED_VALUE"""),"All amenities") -> All amenities | K94: =IFERROR(__xludf.DUMMYFUNCTION("""COMPUTED_VALUE"""),210.0) -> 210 | L94: =IFERROR(__xludf.DUMMYFUNCTION("""COMPUTED_VALUE"""),56.9468471) -> 56.946847 | M94: =IFERROR(__xludf.DUMMYFUNCTION("""COMPUTED_VALUE"""),24.133767) -> 24.133767
A95: =IFERROR(__xludf.DUMMYFUNCTION("""COMPUTED_VALUE"""),"For rent") -> For rent | B95: =IFERROR(__xludf.DUMMYFUNCTION("""COMPUTED_VALUE"""),"Purvciems") -> Purvciems | C95: =IFERROR(__xludf.DUMMYFUNCTION("""COMPUTED_VALUE"""),"Marsa g. 12") -> Marsa g. 12 | D95: =IFERROR(__xludf.DUMMYFUNCTION("""COMPUTED_VALUE"""),1.0) -> 1 | E95: =IFERROR(__xludf.DUMMYFUNCTION("""COMPUTED_VALUE"""),26.0) -> 26 | F95: =IFERROR(__xludf.DUMMYFUNCTION("""COMPUTED_VALUE"""),3.0) -> 3 | G95: =IFERROR(__xludf.DUMMYFUNCTION("""COMPUTED_VALUE"""),5.0) -> 5 | H95: =IFERROR(__xludf.DUMMYFUNCTION("""COMPUTED_VALUE"""),"LT proj.") -> LT proj. | I95: =IFERROR(__xludf.DUMMYFUNCTION("""COMPUTED_VALUE"""),"Panel") -> Panel | J95: =IFERROR(__xludf.DUMMYFUNCTION("""COMPUTED_VALUE"""),"All amenities") -> All amenities | K95: =IFERROR(__xludf.DUMMYFUNCTION("""COMPUTED_VALUE"""),240.0) -> 240 | L95: =IFERROR(__xludf.DUMMYFUNCTION("""COMPUTED_VALUE"""),56.9518384) -> 56.951838 | M95: =IFERROR(__xludf.DUMMYFUNCTION("""COMPUTED_VALUE"""),24.1999196) -> 24.19992
A96: =IFERROR(__xludf.DUMMYFUNCTION("""COMPUTED_VALUE"""),"For sale") -> For sale | B96: =IFERROR(__xludf.DUMMYFUNCTION("""COMPUTED_VALUE"""),"Iļģuciems") -> Iļģuciems | C96: =IFERROR(__xludf.DUMMYFUNCTION("""COMPUTED_VALUE"""),"Grīvas 11") -> Grīvas 11 | D96: =IFERROR(__xludf.DUMMYFUNCTION("""COMPUTED_VALUE"""),3.0) -> 3 | E96: =IFERROR(__xludf.DUMMYFUNCTION("""COMPUTED_VALUE"""),55.0) -> 55 | F96: =IFERROR(__xludf.DUMMYFUNCTION("""COMPUTED_VALUE"""),3.0) -> 3 | G96: =IFERROR(__xludf.DUMMYFUNCTION("""COMPUTED_VALUE"""),5.0) -> 5 | H96: =IFERROR(__xludf.DUMMYFUNCTION("""COMPUTED_VALUE"""),"Hrušč.") -> Hrušč. | I96: =IFERROR(__xludf.DUMMYFUNCTION("""COMPUTED_VALUE"""),"Brick") -> Brick | J96: =IFERROR(__xludf.DUMMYFUNCTION("""COMPUTED_VALUE"""),"All amenities") -> All amenities | K96: =IFERROR(__xludf.DUMMYFUNCTION("""COMPUTED_VALUE"""),63000.0) -> 63000 | L96: =IFERROR(__xludf.DUMMYFUNCTION("""COMPUTED_VALUE"""),56.9654887) -> 56.965489 | M96: =IFERROR(__xludf.DUMMYFUNCTION("""COMPUTED_VALUE"""),24.04998795) -> 24.049988
A97: =IFERROR(__xludf.DUMMYFUNCTION("""COMPUTED_VALUE"""),"For sale") -> For sale | B97: =IFERROR(__xludf.DUMMYFUNCTION("""COMPUTED_VALUE"""),"Sarkandaugava") -> Sarkandaugava | C97: =IFERROR(__xludf.DUMMYFUNCTION("""COMPUTED_VALUE"""),"Sarkandaugavas 11") -> Sarkandaugavas 11 | D97: =IFERROR(__xludf.DUMMYFUNCTION("""COMPUTED_VALUE"""),2.0) -> 2 | E97: =IFERROR(__xludf.DUMMYFUNCTION("""COMPUTED_VALUE"""),50.0) -> 50 | F97: =IFERROR(__xludf.DUMMYFUNCTION("""COMPUTED_VALUE"""),6.0) -> 6 | G97: =IFERROR(__xludf.DUMMYFUNCTION("""COMPUTED_VALUE"""),9.0) -> 9 | H97: =IFERROR(__xludf.DUMMYFUNCTION("""COMPUTED_VALUE"""),602.0) -> 602 | I97: =IFERROR(__xludf.DUMMYFUNCTION("""COMPUTED_VALUE"""),"Panel") -> Panel | J97: =IFERROR(__xludf.DUMMYFUNCTION("""COMPUTED_VALUE"""),"All amenities") -> All amenities | K97: =IFERROR(__xludf.DUMMYFUNCTION("""COMPUTED_VALUE"""),47000.0) -> 47000 | L97: =IFERROR(__xludf.DUMMYFUNCTION("""COMPUTED_VALUE"""),56.99898215) -> 56.998982 | M97: =IFERROR(__xludf.DUMMYFUNCTION("""COMPUTED_VALUE"""),24.1232876749981) -> 24.123288
A98: =IFERROR(__xludf.DUMMYFUNCTION("""COMPUTED_VALUE"""),"For sale") -> For sale | B98: =IFERROR(__xludf.DUMMYFUNCTION("""COMPUTED_VALUE"""),"Imanta") -> Imanta | C98: =IFERROR(__xludf.DUMMYFUNCTION("""COMPUTED_VALUE"""),"Jūrmalas g. 99") -> Jūrmalas g. 99 | D98: =IFERROR(__xludf.DUMMYFUNCTION("""COMPUTED_VALUE"""),3.0) -> 3 | E98: =IFERROR(__xludf.DUMMYFUNCTION("""COMPUTED_VALUE"""),63.0) -> 63 | F98: =IFERROR(__xludf.DUMMYFUNCTION("""COMPUTED_VALUE"""),5.0) -> 5 | G98: =IFERROR(__xludf.DUMMYFUNCTION("""COMPUTED_VALUE"""),9.0) -> 9 | H98: =IFERROR(__xludf.DUMMYFUNCTION("""COMPUTED_VALUE"""),602.0) -> 602 | I98: =IFERROR(__xludf.DUMMYFUNCTION("""COMPUTED_VALUE"""),"Panel") -> Panel | J98: =IFERROR(__xludf.DUMMYFUNCTION("""COMPUTED_VALUE"""),"All amenities") -> All amenities | K98: =IFERROR(__xludf.DUMMYFUNCTION("""COMPUTED_VALUE"""),50000.0) -> 50000 | L98: =IFERROR(__xludf.DUMMYFUNCTION("""COMPUTED_VALUE"""),56.952975) -> 56.952975 | M98: =IFERROR(__xludf.DUMMYFUNCTION("""COMPUTED_VALUE"""),24.0166971) -> 24.016697
A99: =IFERROR(__xludf.DUMMYFUNCTION("""COMPUTED_VALUE"""),"For sale") -> For sale | B99: =IFERROR(__xludf.DUMMYFUNCTION("""COMPUTED_VALUE"""),"Ziepniekkalns") -> Ziepniekkalns | C99: =IFERROR(__xludf.DUMMYFUNCTION("""COMPUTED_VALUE"""),"Ozolciema 32/3") -> Ozolciema 32/3 | D99: =IFERROR(__xludf.DUMMYFUNCTION("""COMPUTED_VALUE"""),2.0) -> 2 | E99: =IFERROR(__xludf.DUMMYFUNCTION("""COMPUTED_VALUE"""),50.0) -> 50 | F99: =IFERROR(__xludf.DUMMYFUNCTION("""COMPUTED_VALUE"""),1.0) -> 1 | G99: =IFERROR(__xludf.DUMMYFUNCTION("""COMPUTED_VALUE"""),9.0) -> 9 | H99: =IFERROR(__xludf.DUMMYFUNCTION("""COMPUTED_VALUE"""),602.0) -> 602 | I99: =IFERROR(__xludf.DUMMYFUNCTION("""COMPUTED_VALUE"""),"Panel") -> Panel | J99: =IFERROR(__xludf.DUMMYFUNCTION("""COMPUTED_VALUE"""),"All amenities") -> All amenities | K99: =IFERROR(__xludf.DUMMYFUNCTION("""COMPUTED_VALUE"""),49000.0) -> 49000 | L99: =IFERROR(__xludf.DUMMYFUNCTION("""COMPUTED_VALUE"""),56.8990307) -> 56.899031 | M99: =IFERROR(__xludf.DUMMYFUNCTION("""COMPUTED_VALUE"""),24.0785989) -> 24.078599
A100: =IFERROR(__xludf.DUMMYFUNCTION("""COMPUTED_VALUE"""),"For rent") -> For rent | B100: =IFERROR(__xludf.DUMMYFUNCTION("""COMPUTED_VALUE"""),"centrs") -> centrs | C100: =IFERROR(__xludf.DUMMYFUNCTION("""COMPUTED_VALUE"""),"Grostonas 17") -> Grostonas 17 | D100: =IFERROR(__xludf.DUMMYFUNCTION("""COMPUTED_VALUE"""),3.0) -> 3 | E100: =IFERROR(__xludf.DUMMYFUNCTION("""COMPUTED_VALUE"""),88.0) -> 88 | F100: =IFERROR(__xludf.DUMMYFUNCTION("""COMPUTED_VALUE"""),7.0) -> 7 | G100: =IFERROR(__xludf.DUMMYFUNCTION("""COMPUTED_VALUE"""),8.0) -> 8 | H100: =IFERROR(__xludf.DUMMYFUNCTION("""COMPUTED_VALUE"""),"Jaun.") -> Jaun. | I100: =IFERROR(__xludf.DUMMYFUNCTION("""COMPUTED_VALUE"""),"Masonry") -> Masonry | J100: =IFERROR(__xludf.DUMMYFUNCTION("""COMPUTED_VALUE"""),"All amenities") -> All amenities | K100: =IFERROR(__xludf.DUMMYFUNCTION("""COMPUTED_VALUE"""),890.0) -> 890 | L100: =IFERROR(__xludf.DUMMYFUNCTION("""COMPUTED_VALUE"""),56.96998705) -> 56.969987 | M100: =IFERROR(__xludf.DUMMYFUNCTION("""COMPUTED_VALUE"""),24.1242108827278) -> 24.124211
...

Sheet Pivot_district

Sheet Pivot_rooms

Sheet Pivot_rent

Sheet Dashboard
A1: Riga Real Estate Market Analysis
I43: KPI Summary
I44: Total listings: | J44: =Analysis!B2 -> 4689
I45: For sale: | J45: =Analysis!B3 -> 2680
I46: For rent: | J46: =Analysis!B4 -> 1525
I47: Avg sale price: | J47: =ROUND(Analysis!B5,0)&" €" -> 92104 €
I48: Avg rent price: | J48: =ROUND(Analysis!B6,0)&" €" -> 425 €
I49: 2-room centrs (sale): | J49: =ROUND(Analysis!B14,0)&" €" -> 91035 €
